"id_product";"id_shop";"stock_available"
1;1;25
2;1;25
3;1;25
4;1;25
5;1;25
6;1;25
7;1;25
8;1;25
9;1;25
10;1;25
11;1;25
12;1;25
13;1;25
14;1;25
15;1;25
16;1;25
17;1;25
18;1;25
19;1;25
20;1;25
21;1;25
22;1;25
23;1;25
24;1;25
25;1;25
26;1;25
27;1;25
28;1;25
29;1;25
30;1;25
31;1;25
32;1;25
33;1;25
34;1;25
35;1;25
36;1;25
37;1;25
38;1;25
39;1;25
40;1;25
41;1;25
42;1;25
43;1;25
44;1;25
45;1;25
46;1;25
47;1;25
48;1;25
49;1;25
50;1;25
51;1;25
52;1;25
53;1;25
54;1;25
55;1;25
56;1;25
57;1;25
58;1;25
59;1;25
60;1;25
61;1;25
62;1;25
63;1;25
64;1;25
65;1;25
66;1;25
67;1;25
68;1;25
69;1;25
70;1;25
71;1;25
72;1;25
73;1;25
74;1;25
75;1;25
76;1;25
77;1;25
78;1;25
79;1;25
80;1;25
81;1;25
82;1;25
83;1;25
84;1;25
85;1;25
86;1;25
87;1;25
88;1;25
89;1;25
90;1;25
91;1;25
92;1;25
93;1;25
94;1;25
95;1;25
96;1;25
97;1;25
98;1;25
99;1;25
100;1;25
101;1;25
102;1;25
103;1;25
104;1;25
105;1;25
106;1;25
107;1;25
108;1;25
109;1;25
110;1;25
111;1;25
112;1;25
113;1;25
114;1;25
115;1;25
116;1;25
117;1;25
118;1;25
119;1;25
120;1;25
121;1;25
122;1;25
123;1;25
124;1;25
125;1;25
126;1;25
127;1;25
128;1;25
129;1;25
130;1;25
131;1;25
132;1;25
133;1;25
134;1;25
135;1;25
136;1;25
137;1;25
138;1;25
139;1;25
140;1;25
141;1;25
142;1;25
143;1;25
144;1;25
145;1;25
146;1;25
147;1;25
148;1;25
149;1;25
150;1;25
151;1;25
152;1;25
153;1;25
154;1;25
155;1;25
156;1;25
157;1;25
158;1;25
159;1;25
160;1;25
161;1;25
162;1;25
163;1;25
164;1;25
165;1;25
166;1;25
167;1;25
168;1;25
169;1;25
170;1;25
171;1;25
172;1;25
173;1;25
174;1;25
175;1;25
176;1;25
177;1;25
178;1;25
179;1;25
180;1;25
181;1;25
182;1;25
183;1;25
184;1;25
185;1;25
186;1;25
187;1;25
188;1;25
189;1;25
190;1;25
191;1;25
192;1;25
193;1;25
194;1;25
195;1;25
196;1;25
197;1;25
198;1;25
199;1;25
200;1;25
201;1;25
202;1;25
203;1;25
204;1;25
205;1;25
206;1;25
207;1;25
208;1;25
209;1;25
210;1;25
211;1;25
212;1;25
213;1;25
214;1;25
215;1;25
216;1;25
217;1;25
218;1;25
219;1;25
220;1;25
221;1;25
222;1;25
223;1;25
224;1;25
225;1;25
226;1;25
227;1;25
228;1;25
229;1;25
230;1;25
231;1;25
232;1;25
233;1;25
234;1;25
235;1;25
236;1;25
237;1;25
238;1;25
239;1;25
240;1;25
241;1;25
242;1;25
243;1;25
244;1;25
245;1;25
246;1;25
247;1;25
248;1;25
249;1;25
250;1;25
251;1;25
252;1;25
253;1;25
254;1;25
255;1;25
256;1;25
257;1;25
258;1;25
259;1;25
260;1;25
261;1;25
262;1;25
263;1;25
264;1;25
265;1;25
266;1;25
267;1;25
268;1;25
269;1;25
270;1;25
271;1;25
272;1;25
273;1;25
274;1;25
275;1;25
276;1;25
277;1;25
278;1;25
279;1;25
280;1;25
281;1;25
282;1;25
283;1;25
284;1;25
285;1;25
286;1;25
287;1;25
288;1;25
289;1;25
290;1;25
291;1;25
292;1;25
293;1;25
294;1;25
295;1;25
296;1;25
297;1;25
298;1;25
299;1;25
300;1;25
301;1;25
302;1;25
303;1;25
304;1;25
305;1;25
306;1;25
307;1;25
308;1;25
309;1;25
310;1;25
311;1;25
312;1;25
313;1;25
314;1;25
315;1;25
316;1;25
317;1;25
318;1;25
319;1;25
320;1;25
321;1;25
322;1;25
323;1;25
324;1;25
325;1;25
326;1;25
327;1;25
328;1;25
329;1;25
330;1;25
331;1;25
332;1;25
333;1;25
334;1;25
335;1;25
336;1;25
337;1;25
338;1;25
339;1;25
340;1;25
341;1;25
342;1;25
343;1;25
344;1;25
345;1;25
346;1;25
347;1;25
348;1;25
349;1;25
350;1;25
351;1;25
352;1;25
353;1;25
354;1;25
355;1;25
356;1;25
357;1;25
358;1;25
359;1;25
360;1;25
361;1;25
362;1;25
363;1;25
364;1;25
365;1;25
366;1;25
367;1;25
368;1;25
369;1;25
370;1;25
371;1;25
372;1;25
373;1;25
374;1;25
375;1;25
376;1;25
377;1;25
378;1;25
379;1;25
380;1;25
381;1;25
382;1;25
383;1;25
384;1;25
385;1;25
386;1;25
387;1;25
388;1;25
389;1;25
390;1;25
391;1;25
392;1;25
393;1;25
394;1;25
395;1;25
396;1;25
397;1;25
398;1;25
399;1;25
400;1;25
401;1;25
402;1;25
403;1;25
404;1;25
405;1;25
406;1;25
407;1;25
408;1;25
409;1;25
410;1;25
411;1;25
412;1;25
413;1;25
414;1;25
415;1;25
416;1;25
417;1;25
418;1;25
419;1;25
420;1;25
421;1;25
422;1;25
423;1;25
424;1;25
425;1;25
426;1;25
427;1;25
428;1;25
429;1;25
430;1;25
431;1;25
432;1;25
433;1;25
434;1;25
435;1;25
436;1;25
437;1;25
438;1;25
439;1;25
440;1;25
441;1;25
442;1;25
443;1;25
444;1;25
445;1;25
446;1;25
447;1;25
448;1;25
449;1;25
450;1;25
451;1;25
452;1;25
453;1;25
454;1;25
455;1;25
456;1;25
457;1;25
458;1;25
459;1;25
460;1;25
461;1;25
462;1;25
463;1;25
464;1;25
465;1;25
466;1;25
467;1;25
468;1;25
469;1;25
470;1;25
471;1;25
472;1;25
473;1;25
474;1;25
475;1;25
476;1;25
477;1;25
478;1;25
479;1;25
480;1;25
481;1;25
482;1;25
483;1;25
484;1;25
485;1;25
486;1;25
487;1;25
488;1;25
489;1;25
490;1;25
491;1;25
492;1;25
493;1;25
494;1;25
495;1;25
496;1;25
497;1;25
498;1;25
499;1;25
500;1;25
501;1;25
502;1;25
503;1;25
504;1;25
505;1;25
506;1;25
507;1;25
508;1;25
509;1;25
510;1;25
511;1;25
512;1;25
513;1;25
514;1;25
515;1;25
516;1;25
517;1;25
518;1;25
519;1;25
520;1;25
521;1;25
522;1;25
523;1;25
524;1;25
525;1;25
526;1;25
527;1;25
528;1;25
529;1;25
530;1;25
531;1;25
532;1;25
533;1;25
534;1;25
535;1;25
536;1;25
537;1;25
538;1;25
539;1;25
540;1;25
541;1;25
542;1;25
543;1;25
544;1;25
545;1;25
546;1;25
547;1;25
548;1;25
549;1;25
550;1;25
551;1;25
552;1;25
553;1;25
554;1;25
555;1;25
556;1;25
557;1;25
558;1;25
559;1;25
560;1;25
561;1;25
562;1;25
563;1;25
564;1;25
565;1;25
566;1;25
567;1;25
568;1;25
569;1;25
570;1;25
571;1;25
572;1;25
573;1;25
574;1;25
575;1;25
576;1;25
577;1;25
578;1;25
579;1;25
580;1;25
581;1;25
582;1;25
583;1;25
584;1;25
585;1;25
586;1;25
587;1;25
588;1;25
589;1;25
590;1;25
591;1;25
592;1;25
593;1;25
594;1;25
595;1;25
596;1;25
597;1;25
598;1;25
599;1;25
600;1;25
601;1;25
602;1;25
603;1;25
604;1;25
605;1;25
606;1;25
607;1;25
608;1;25
609;1;25
610;1;25
611;1;25
612;1;25
613;1;25
614;1;25
615;1;25
616;1;25
617;1;25
618;1;25
619;1;25
620;1;25
621;1;25
622;1;25
623;1;25
624;1;25
625;1;25
626;1;25
627;1;25
628;1;25
629;1;25
630;1;25
631;1;25
632;1;25
633;1;25
634;1;25
635;1;25
636;1;25
637;1;25
638;1;25
639;1;25
640;1;25
641;1;25
642;1;25
643;1;25
644;1;25
645;1;25
646;1;25
647;1;25
648;1;25
649;1;25
650;1;25
651;1;25
652;1;25
653;1;25
654;1;25
655;1;25
656;1;25
657;1;25
658;1;25
659;1;25
660;1;25
661;1;25
662;1;25
663;1;25
664;1;25
665;1;25
666;1;25
667;1;25
668;1;25
669;1;25
670;1;25
671;1;25
672;1;25
673;1;25
674;1;25
675;1;25
676;1;25
677;1;25
678;1;25
679;1;25
680;1;25
681;1;25
682;1;25
683;1;25
684;1;25
685;1;25
686;1;25
687;1;25
688;1;25
689;1;25
690;1;25
691;1;25
692;1;25
693;1;25
694;1;25
695;1;25
696;1;25
697;1;25
698;1;25
699;1;25
700;1;25
701;1;25
702;1;25
703;1;25
704;1;25
705;1;25
706;1;25
707;1;25
708;1;25
709;1;25
710;1;25
711;1;25
712;1;25
713;1;25
714;1;25
715;1;25
716;1;25
717;1;25
718;1;25
719;1;25
720;1;25
721;1;25
722;1;25
723;1;25
724;1;25
725;1;25
726;1;25
727;1;25
728;1;25
729;1;25
730;1;25
731;1;25
732;1;25
733;1;25
734;1;25
735;1;25
736;1;25
737;1;25
738;1;25
739;1;25
740;1;25
741;1;25
742;1;25
743;1;25
744;1;25
745;1;25
746;1;25
747;1;25
748;1;25
749;1;25
750;1;25
751;1;25
752;1;25
753;1;25
754;1;25
755;1;25
756;1;25
757;1;25
758;1;25
759;1;25
760;1;25
761;1;25
762;1;25
763;1;25
764;1;25
765;1;25
766;1;25
767;1;25
768;1;25
769;1;25
770;1;25
771;1;25
772;1;25
773;1;25
774;1;25
775;1;25
776;1;25
777;1;25
778;1;25
779;1;25
780;1;25
781;1;25
782;1;25
783;1;25
784;1;25
785;1;25
786;1;25
787;1;25
788;1;25
789;1;25
790;1;25
791;1;25
792;1;25
793;1;25
794;1;25
795;1;25
796;1;25
797;1;25
798;1;25
799;1;25
800;1;25
801;1;25
802;1;25
803;1;25
804;1;25
805;1;25
806;1;25
807;1;25
808;1;25
809;1;25
810;1;25
811;1;25
812;1;25
813;1;25
814;1;25
815;1;25
816;1;25
817;1;25
818;1;25
819;1;25
820;1;25
821;1;25
822;1;25
823;1;25
824;1;25
825;1;25
826;1;25
827;1;25
828;1;25
829;1;25
830;1;25
831;1;25
832;1;25
833;1;25
834;1;25
835;1;25
836;1;25
837;1;25
838;1;25
839;1;25
840;1;25
841;1;25
842;1;25
843;1;25
844;1;25
845;1;25
846;1;25
847;1;25
848;1;25
849;1;25
850;1;25
851;1;25
852;1;25
853;1;25
854;1;25
855;1;25
856;1;25
857;1;25
858;1;25
859;1;25
860;1;25
861;1;25
862;1;25
863;1;25
864;1;25
865;1;25
866;1;25
867;1;25
868;1;25
869;1;25
870;1;25
871;1;25
872;1;25
873;1;25
874;1;25
875;1;25
876;1;25
877;1;25
878;1;25
879;1;25
880;1;25
881;1;25
882;1;25
883;1;25
884;1;25
885;1;25
886;1;25
887;1;25
888;1;25
889;1;25
890;1;25
891;1;25
892;1;25
893;1;25
894;1;25
895;1;25
896;1;25
897;1;25
898;1;25
899;1;25
900;1;25
901;1;25
902;1;25
903;1;25
904;1;25
905;1;25
906;1;25
907;1;25
908;1;25
909;1;25
910;1;25
911;1;25
912;1;25
913;1;25
914;1;25
915;1;25
916;1;25
917;1;25
918;1;25
919;1;25
920;1;25
921;1;25
922;1;25
923;1;25
924;1;25
925;1;25
926;1;25
927;1;25
928;1;25
929;1;25
930;1;25
931;1;25
932;1;25
933;1;25
934;1;25
935;1;25
936;1;25
937;1;25
938;1;25
939;1;25
940;1;25
941;1;25
942;1;25
943;1;25
944;1;25
945;1;25
946;1;25
947;1;25
948;1;25
949;1;25
950;1;25
951;1;25
952;1;25
953;1;25
954;1;25
955;1;25
956;1;25
957;1;25
958;1;25
959;1;25
960;1;25
961;1;25
962;1;25
963;1;25
964;1;25
965;1;25
966;1;25
967;1;25
968;1;25
969;1;25
970;1;25
971;1;25
972;1;25
973;1;25
974;1;25
975;1;25
976;1;25
977;1;25
978;1;25
979;1;25
980;1;25
981;1;25
982;1;25
983;1;25
984;1;25
985;1;25
986;1;25
987;1;25
988;1;25
989;1;25
990;1;25
991;1;25
992;1;25
993;1;25
994;1;25
995;1;25
996;1;25
997;1;25
998;1;25
999;1;25
1000;1;25
1001;1;25
1002;1;25
1003;1;25
1004;1;25
1005;1;25
1006;1;25
1007;1;25
1008;1;25
1009;1;25
1010;1;25
1011;1;25
1012;1;25
1013;1;25
1014;1;25
1015;1;25
1016;1;25
1017;1;25
1018;1;25
1019;1;25
1020;1;25
1021;1;25
1022;1;25
1023;1;25
1024;1;25
1025;1;25
1026;1;25
1027;1;25
1028;1;25
1029;1;25
1030;1;25
1031;1;25
1032;1;25
1033;1;25
1034;1;25
1035;1;25
1036;1;25
1037;1;25
1038;1;25
1039;1;25
1040;1;25
1041;1;25
1042;1;25
1043;1;25
1044;1;25
1045;1;25
1046;1;25
1047;1;25
1048;1;25
1049;1;25
1050;1;25
1051;1;25
1052;1;25
1053;1;25
1054;1;25
1055;1;25
1056;1;25
1057;1;25
1058;1;25
1059;1;25
1060;1;25
1061;1;25
1062;1;25
1063;1;25
1064;1;25
1065;1;25
1066;1;25
1067;1;25
1068;1;25
1069;1;25
1070;1;25
1071;1;25
1072;1;25
1073;1;25
1074;1;25
1075;1;25
1076;1;25
1077;1;25
1078;1;25
1079;1;25
1080;1;25
1081;1;25
1082;1;25
1083;1;25
1084;1;25
1085;1;25
1086;1;25
1087;1;25
1088;1;25
1089;1;25
1090;1;25
1091;1;25
1092;1;25
1093;1;25
1094;1;25
1095;1;25
1096;1;25
1097;1;25
1098;1;25
1099;1;25
1100;1;25
1101;1;25
1102;1;25
1103;1;25
1104;1;25
1105;1;25
1106;1;25
1107;1;25
1108;1;25
1109;1;25
1110;1;25
1111;1;25
1112;1;25
1113;1;25
1114;1;25
1115;1;25
1116;1;25
1117;1;25
1118;1;25
1119;1;25
1120;1;25
1121;1;25
1122;1;25
1123;1;25
1124;1;25
1125;1;25
1126;1;25
1127;1;25
1128;1;25
1129;1;25
1130;1;25
1131;1;25
1132;1;25
1133;1;25
1134;1;25
1135;1;25
1136;1;25
1137;1;25
1138;1;25
1139;1;25
1140;1;25
1141;1;25
1142;1;25
1143;1;25
1144;1;25
1145;1;25
1146;1;25
1147;1;25
1148;1;25
1149;1;25
1150;1;25
1151;1;25
1152;1;25
1153;1;25
1154;1;25
1155;1;25
1156;1;25
1157;1;25
1158;1;25
1159;1;25
1160;1;25
1161;1;25
1162;1;25
1163;1;25
1164;1;25
1165;1;25
1166;1;25
1167;1;25
1168;1;25
1169;1;25
1170;1;25
1171;1;25
1172;1;25
1173;1;25
1174;1;25
1175;1;25
1176;1;25
1177;1;25
1178;1;25
1179;1;25
1180;1;25
1181;1;25
1182;1;25
1183;1;25
1184;1;25
1185;1;25
1186;1;25
1187;1;25
1188;1;25
1189;1;25
1190;1;25
1191;1;25
1192;1;25
1193;1;25
1194;1;25
1195;1;25
1196;1;25
1197;1;25
1198;1;25
1199;1;25
1200;1;25
1201;1;25
1202;1;25
1203;1;25
1204;1;25
1205;1;25
1206;1;25
1207;1;25
1208;1;25
1209;1;25
1210;1;25
1211;1;25
1212;1;25
1213;1;25
1214;1;25
1215;1;25
1216;1;25
1217;1;25
1218;1;25
1219;1;25
1220;1;25
1221;1;25
1222;1;25
1223;1;25
1224;1;25
1225;1;25
1226;1;25
1227;1;25
1228;1;25
1229;1;25
1230;1;25
1231;1;25
1232;1;25
1233;1;25
1234;1;25
1235;1;25
1236;1;25
1237;1;25
1238;1;25
1239;1;25
1240;1;25
1241;1;25
1242;1;25
1243;1;25
1244;1;25
1245;1;25
1246;1;25
1247;1;25
1248;1;25
1249;1;25
1250;1;25
1251;1;25
1252;1;25
1253;1;25
1254;1;25
1255;1;25
1256;1;25
1257;1;25
1258;1;25
1259;1;25
1260;1;25
1261;1;25
1262;1;25
1263;1;25
1264;1;25
1265;1;25
1266;1;25
1267;1;25
1268;1;25
1269;1;25
1270;1;25
1271;1;25
1272;1;25
1273;1;25
1274;1;25
1275;1;25
1276;1;25
1277;1;25
1278;1;25
1279;1;25
1280;1;25
1281;1;25
1282;1;25
1283;1;25
1284;1;25
1285;1;25
1286;1;25
1287;1;25
1288;1;25
1289;1;25
1290;1;25
1291;1;25
1292;1;25
1293;1;25
1294;1;25
1295;1;25
1296;1;25
1297;1;25
1298;1;25
1299;1;25
1300;1;25
1301;1;25
1302;1;25
1303;1;25
1304;1;25
1305;1;25
1306;1;25
1307;1;25
1308;1;25
1309;1;25
1310;1;25
1311;1;25
1312;1;25
1313;1;25
1314;1;25
1315;1;25
1316;1;25
1317;1;25
1318;1;25
1319;1;25
1320;1;25
1321;1;25
1322;1;25
1323;1;25
1324;1;25
1325;1;25
1326;1;25
1327;1;25
1328;1;25
1329;1;25
1330;1;25
1331;1;25
1332;1;25
1333;1;25
1334;1;25
1335;1;25
1336;1;25
1337;1;25
1338;1;25
1339;1;25
1340;1;25
1341;1;25
1342;1;25
1343;1;25
1344;1;25
1345;1;25
1346;1;25
1347;1;25
1348;1;25
1349;1;25
1350;1;25
1351;1;25
1352;1;25
1353;1;25
1354;1;25
1355;1;25
1356;1;25
1357;1;25
1358;1;25
1359;1;25
1360;1;25
1361;1;25
1362;1;25
1363;1;25
1364;1;25
1365;1;25
1366;1;25
1367;1;25
1368;1;25
1369;1;25
1370;1;25
1371;1;25
1372;1;25
1373;1;25
1374;1;25
1375;1;25
1376;1;25
1377;1;25
1378;1;25
1379;1;25
1380;1;25
1381;1;25
1382;1;25
1383;1;25
1384;1;25
1385;1;25
1386;1;25
1387;1;25
1388;1;25
1389;1;25
1390;1;25
1391;1;25
1392;1;25
1393;1;25
1394;1;25
1395;1;25
1396;1;25
1397;1;25
1398;1;25
1399;1;25
1400;1;25
1401;1;25
1402;1;25
1403;1;25
1404;1;25
1405;1;25
1406;1;25
1407;1;25
1408;1;25
1409;1;25
1410;1;25
1411;1;25
1412;1;25
1413;1;25
1414;1;25
1415;1;25
1416;1;25
1417;1;25
1418;1;25
1419;1;25
1420;1;25
1421;1;25
1422;1;25
1423;1;25
1424;1;25
1425;1;25
1426;1;25
1427;1;25
1428;1;25
1429;1;25
1430;1;25
1431;1;25
1432;1;25
1433;1;25
1434;1;25
1435;1;25
1436;1;25
1437;1;25
1438;1;25
1439;1;25
1440;1;25
1441;1;25
1442;1;25
1443;1;25
1444;1;25
1445;1;25
1446;1;25
1447;1;25
1448;1;25
1449;1;25
1450;1;25
1451;1;25
1452;1;25
1453;1;25
1454;1;25
1455;1;25
1456;1;25
1457;1;25
1458;1;25
1459;1;25
1460;1;25
1461;1;25
1462;1;25
1463;1;25
1464;1;25
1465;1;25
1466;1;25
1467;1;25
1468;1;25
1469;1;25
1470;1;25
1471;1;25
1472;1;25
1473;1;25
1474;1;25
1475;1;25
1476;1;25
1477;1;25
1478;1;25
1479;1;25
1480;1;25
1481;1;25
1482;1;25
1483;1;25
1484;1;25
1485;1;25
1486;1;25
1487;1;25
1488;1;25
1489;1;25
1490;1;25
1491;1;25
1492;1;25
1493;1;25
1494;1;25
1495;1;25
1496;1;25
1497;1;25
1498;1;25
1499;1;25
1500;1;25
1501;1;25
1502;1;25
1503;1;25
1504;1;25
1505;1;25
1506;1;25
1507;1;25
1508;1;25
1509;1;25
1510;1;25
1511;1;25
1512;1;25
1513;1;25
1514;1;25
1515;1;25
1516;1;25
1517;1;25
1518;1;25
1519;1;25
1520;1;25
1521;1;25
1522;1;25
1523;1;25
1524;1;25
1525;1;25
1526;1;25
1527;1;25
1528;1;25
1529;1;25
1530;1;25
1531;1;25
1532;1;25
1533;1;25
1534;1;25
1535;1;25
1536;1;25
1537;1;25
1538;1;25
1539;1;25
1540;1;25
1541;1;25
1542;1;25
1543;1;25
1544;1;25
1545;1;25
1546;1;25
1547;1;25
1548;1;25
1549;1;25
1550;1;25
1551;1;25
1552;1;25
1553;1;25
1554;1;25
1555;1;25
1556;1;25
1557;1;25
1558;1;25
1559;1;25
1560;1;25
1561;1;25
1562;1;25
1563;1;25
1564;1;25
1565;1;25
1566;1;25
1567;1;25
1568;1;25
1569;1;25
1570;1;25
1571;1;25
1572;1;25
1573;1;25
1574;1;25
1575;1;25
1576;1;25
1577;1;25
1578;1;25
1579;1;25
1580;1;25
1581;1;25
1582;1;25
1583;1;25
1584;1;25
1585;1;25
1586;1;25
1587;1;25
1588;1;25
1589;1;25
1590;1;25
1591;1;25
1592;1;25
1593;1;25
1594;1;25
1595;1;25
1596;1;25
1597;1;25
1598;1;25
1599;1;25
1600;1;25
1601;1;25
1602;1;25
1603;1;25
1604;1;25
1605;1;25
1606;1;25
1607;1;25
1608;1;25
1609;1;25
1610;1;25
1611;1;25
1612;1;25
1613;1;25
1614;1;25
1615;1;25
1616;1;25
1617;1;25
1618;1;25
1619;1;25
1620;1;25
1621;1;25
1622;1;25
1623;1;25
1624;1;25
1625;1;25
1626;1;25
1627;1;25
1628;1;25
1629;1;25
1630;1;25
1631;1;25
1632;1;25
1633;1;25
1634;1;25
1635;1;25
1636;1;25
1637;1;25
1638;1;25
1639;1;25
1640;1;25
1641;1;25
1642;1;25
1643;1;25
1644;1;25
1645;1;25
1646;1;25
1647;1;25
1648;1;25
1649;1;25
1650;1;25
1651;1;25
1652;1;25
1653;1;25
1654;1;25
1655;1;25
1656;1;25
1657;1;25
1658;1;25
1659;1;25
1660;1;25
1661;1;25
1662;1;25
1663;1;25
1664;1;25
1665;1;25
1666;1;25
1667;1;25
1668;1;25
1669;1;25
1670;1;25
1671;1;25
1672;1;25
1673;1;25
1674;1;25
1675;1;25
1676;1;25
1677;1;25
1678;1;25
1679;1;25
1680;1;25
1681;1;25
1682;1;25
1683;1;25
1684;1;25
1685;1;25
1686;1;25
1687;1;25
1688;1;25
1689;1;25
1690;1;25
1691;1;25
1692;1;25
1693;1;25
1694;1;25
1695;1;25
1696;1;25
1697;1;25
1698;1;25
1699;1;25
1700;1;25
1701;1;25
1702;1;25
1703;1;25
1704;1;25
1705;1;25
1706;1;25
1707;1;25
1708;1;25
1709;1;25
1710;1;25
1711;1;25
1712;1;25
1713;1;25
1714;1;25
1715;1;25
1716;1;25
1717;1;25
1718;1;25
1719;1;25
1720;1;25
1721;1;25
1722;1;25
1723;1;25
1724;1;25
1725;1;25
1726;1;25
1727;1;25
1728;1;25
1729;1;25
1730;1;25
1731;1;25
1732;1;25
1733;1;25
1734;1;25
1735;1;25
1736;1;25
1737;1;25
1738;1;25
1739;1;25
1740;1;25
1741;1;25
1742;1;25
1743;1;25
1744;1;25
1745;1;25
1746;1;25
1747;1;25
1748;1;25
1749;1;25
1750;1;25
1751;1;25
1752;1;25
1753;1;25
1754;1;25
1755;1;25
1756;1;25
1757;1;25
1758;1;25
1759;1;25
1760;1;25
1761;1;25
1762;1;25
1763;1;25
1764;1;25
1765;1;25
1766;1;25
1767;1;25
1768;1;25
1769;1;25
1770;1;25
1771;1;25
1772;1;25
1773;1;25
1774;1;25
1775;1;25
1776;1;25
1777;1;25
1778;1;25
1779;1;25
1780;1;25
1781;1;25
1782;1;25
1783;1;25
1784;1;25
1785;1;25
1786;1;25
1787;1;25
1788;1;25
1789;1;25
1790;1;25
1791;1;25
1792;1;25
1793;1;25
1794;1;25
1795;1;25
1796;1;25
1797;1;25
1798;1;25
1799;1;25
1800;1;25
1801;1;25
1802;1;25
1803;1;25
1804;1;25
1805;1;25
1806;1;25
1807;1;25
1808;1;25
1809;1;25
1810;1;25
1811;1;25
1812;1;25
1813;1;25
1814;1;25
1815;1;25
1816;1;25
1817;1;25
1818;1;25
1819;1;25
1820;1;25
1821;1;25
1822;1;25
1823;1;25
1824;1;25
1825;1;25
1826;1;25
1827;1;25
1828;1;25
1829;1;25
1830;1;25
1831;1;25
1832;1;25
1833;1;25
1834;1;25
1835;1;25
1836;1;25
1837;1;25
1838;1;25
1839;1;25
1840;1;25
1841;1;25
1842;1;25
1843;1;25
1844;1;25
1845;1;25
1846;1;25
1847;1;25
1848;1;25
1849;1;25
1850;1;25
1851;1;25
1852;1;25
1853;1;25
1854;1;25
1855;1;25
1856;1;25
1857;1;25
1858;1;25
1859;1;25
1860;1;25
1861;1;25
1862;1;25
1863;1;25
1864;1;25
1865;1;25
1866;1;25
1867;1;25
1868;1;25
1869;1;25
1870;1;25
1871;1;25
1872;1;25
1873;1;25
1874;1;25
1875;1;25
1876;1;25
1877;1;25
1878;1;25
1879;1;25
1880;1;25
1881;1;25
1882;1;25
1883;1;25
1884;1;25
1885;1;25
1886;1;25
1887;1;25
1888;1;25
1889;1;25
1890;1;25
1891;1;25
1892;1;25
1893;1;25
1894;1;25
1895;1;25
1896;1;25
1897;1;25
1898;1;25
1899;1;25
1900;1;25
1901;1;25
1902;1;25
1903;1;25
1904;1;25
1905;1;25
1906;1;25
1907;1;25
1908;1;25
1909;1;25
1910;1;25
1911;1;25
1912;1;25
1913;1;25
1914;1;25
1915;1;25
1916;1;25
1917;1;25
1918;1;25
1919;1;25
1920;1;25
1921;1;25
1922;1;25
1923;1;25
1924;1;25
1925;1;25
1926;1;25
1927;1;25
1928;1;25
1929;1;25
1930;1;25
1931;1;25
1932;1;25
1933;1;25
1934;1;25
1935;1;25
1936;1;25
1937;1;25
1938;1;25
1939;1;25
1940;1;25
1941;1;25
1942;1;25
1943;1;25
1944;1;25
1945;1;25
1946;1;25
1947;1;25
1948;1;25
1949;1;25
1950;1;25
1951;1;25
1952;1;25
1953;1;25
1954;1;25
1955;1;25
1956;1;25
1957;1;25
1958;1;25
1959;1;25
1960;1;25
1961;1;25
1962;1;25
1963;1;25
1964;1;25
1965;1;25
1966;1;25
1967;1;25
1968;1;25
1969;1;25
1970;1;25
1971;1;25
1972;1;25
1973;1;25
1974;1;25
1975;1;25
1976;1;25
1977;1;25
1978;1;25
1979;1;25
1980;1;25
1981;1;25
1982;1;25
1983;1;25
1984;1;25
1985;1;25
1986;1;25
1987;1;25
1988;1;25
1989;1;25
1990;1;25
1991;1;25
1992;1;25
1993;1;25
1994;1;25
1995;1;25
1996;1;25
1997;1;25
1998;1;25
1999;1;25
2000;1;25
2001;1;25
2002;1;25
2003;1;25
2004;1;25
2005;1;25
2006;1;25
2007;1;25
2008;1;25
2009;1;25
2010;1;25
2011;1;25
2012;1;25
2013;1;25
2014;1;25
2015;1;25
2016;1;25
2017;1;25
2018;1;25
2019;1;25
2020;1;25
2021;1;25
2022;1;25
2023;1;25
2024;1;25
2025;1;25
2026;1;25
2027;1;25
2028;1;25
2029;1;25
2030;1;25
2031;1;25
2032;1;25
2033;1;25
2034;1;25
2035;1;25
2036;1;25
2037;1;25
2038;1;25
2039;1;25
2040;1;25
2041;1;25
2042;1;25
2043;1;25
2044;1;25
2045;1;25
2046;1;25
2047;1;25
2048;1;25
2049;1;25
2050;1;25
2051;1;25
2052;1;25
2053;1;25
2054;1;25
2055;1;25
2056;1;25
2057;1;25
2058;1;25
2059;1;25
2060;1;25
2061;1;25
2062;1;25
2063;1;25
2064;1;25
2065;1;25
2066;1;25
2067;1;25
2068;1;25
2069;1;25
2070;1;25
2071;1;25
2072;1;25
2073;1;25
2074;1;25
2075;1;25
2076;1;25
2077;1;25
2078;1;25
2079;1;25
2080;1;25
2081;1;25
2082;1;25
2083;1;25
2084;1;25
2085;1;25
2086;1;25
2087;1;25
2088;1;25
2089;1;25
2090;1;25
2091;1;25
2092;1;25
2093;1;25
2094;1;25
2095;1;25
2096;1;25
2097;1;25
2098;1;25
2099;1;25
2100;1;25
2101;1;25
2102;1;25
2103;1;25
2104;1;25
2105;1;25
2106;1;25
2107;1;25
2108;1;25
2109;1;25
2110;1;25
2111;1;25
2112;1;25
2113;1;25
2114;1;25
2115;1;25
2116;1;25
2117;1;25
2118;1;25
2119;1;25
2120;1;25
2121;1;25
2122;1;25
2123;1;25
2124;1;25
2125;1;25
2126;1;25
2127;1;25
2128;1;25
2129;1;25
2130;1;25
2131;1;25
2132;1;25
2133;1;25
2134;1;25
2135;1;25
2136;1;25
2137;1;25
2138;1;25
2139;1;25
2140;1;25
2141;1;25
2142;1;25
2143;1;25
2144;1;25
2145;1;25
2146;1;25
2147;1;25
2148;1;25
2149;1;25
2150;1;25
2151;1;25
2152;1;25
2153;1;25
2154;1;25
2155;1;25
2156;1;25
2157;1;25
2158;1;25
2159;1;25
2160;1;25
2161;1;25
2162;1;25
2163;1;25
2164;1;25
2165;1;25
2166;1;25
2167;1;25
2168;1;25
2169;1;25
2170;1;25
2171;1;25
2172;1;25
2173;1;25
2174;1;25
2175;1;25
2176;1;25
2177;1;25
2178;1;25
2179;1;25
2180;1;25
2181;1;25
2182;1;25
2183;1;25
2184;1;25
2185;1;25
2186;1;25
2187;1;25
2188;1;25
2189;1;25
2190;1;25
2191;1;25
2192;1;25
2193;1;25
2194;1;25
2195;1;25
2196;1;25
2197;1;25
2198;1;25
2199;1;25
2200;1;25
2201;1;25
2202;1;25
2203;1;25
2204;1;25
2205;1;25
2206;1;25
2207;1;25
2208;1;25
2209;1;25
2210;1;25
2211;1;25
2212;1;25
2213;1;25
2214;1;25
2215;1;25
2216;1;25
2217;1;25
2218;1;25
2219;1;25
2220;1;25
2221;1;25
2222;1;25
2223;1;25
2224;1;25
2225;1;25
2226;1;25
2227;1;25
2228;1;25
2229;1;25
2230;1;25
2231;1;25
2232;1;25
2233;1;25
2234;1;25
2235;1;25
2236;1;25
2237;1;25
2238;1;25
2239;1;25
2240;1;25
2241;1;25
2242;1;25
2243;1;25
2244;1;25
2245;1;25
2246;1;25
2247;1;25
2248;1;25
2249;1;25
2250;1;25
2251;1;25
2252;1;25
2253;1;25
2254;1;25
2255;1;25
2256;1;25
2257;1;25
2258;1;25
2259;1;25
2260;1;25
2261;1;25
2262;1;25
2263;1;25
2264;1;25
2265;1;25
2266;1;25
2267;1;25
2268;1;25
2269;1;25
2270;1;25
2271;1;25
2272;1;25
2273;1;25
2274;1;25
2275;1;25
2276;1;25
2277;1;25
2278;1;25
2279;1;25
2280;1;25
2281;1;25
2282;1;25
2283;1;25
2284;1;25
2285;1;25
2286;1;25
2287;1;25
2288;1;25
2289;1;25
2290;1;25
2291;1;25
2292;1;25
2293;1;25
2294;1;25
2295;1;25
2296;1;25
2297;1;25
2298;1;25
2299;1;25
2300;1;25
2301;1;25
2302;1;25
2303;1;25
2304;1;25
2305;1;25
2306;1;25
2307;1;25
2308;1;25
2309;1;25
2310;1;25
2311;1;25
2312;1;25
2313;1;25
2314;1;25
2315;1;25
2316;1;25
2317;1;25
2318;1;25
2319;1;25
2320;1;25
2321;1;25
2323;1;25
2324;1;25
2325;1;25
2326;1;25
2327;1;25
2328;1;25
2329;1;25
2330;1;25
2331;1;25
2332;1;25
2333;1;25
2334;1;25
2335;1;25
2336;1;25
2337;1;25
2338;1;25
2339;1;25
2340;1;25
2341;1;25
2342;1;25
2343;1;25
2344;1;25
2345;1;25
2346;1;25
2347;1;25
2348;1;25
2349;1;25
2350;1;25
2351;1;25
2352;1;25
2353;1;25
2354;1;25
2355;1;25
2356;1;25
2357;1;25
2358;1;25
2359;1;25
2360;1;25
2361;1;25
2362;1;25
2363;1;25
2364;1;25
2365;1;25
2366;1;25
2367;1;25
2368;1;25
2369;1;25
2370;1;25
2371;1;25
2372;1;25
2373;1;25
2374;1;25
2375;1;25
2376;1;25
2377;1;25
2378;1;25
2379;1;25
2380;1;25
2381;1;25
2382;1;25
2383;1;25
2384;1;25
2385;1;25
2386;1;25
2387;1;25
2388;1;25
2389;1;25
2390;1;25
2391;1;25
2392;1;25
2393;1;25
2394;1;25
2395;1;25
2396;1;25
2397;1;25
2398;1;25
2399;1;25
2400;1;25
2401;1;25
2402;1;25
2403;1;25
2404;1;25
2405;1;25
2406;1;25
2407;1;25
2408;1;25
2409;1;25
2410;1;25
2411;1;25
2412;1;25
2413;1;25
2414;1;25
2415;1;25
2416;1;25
2417;1;25
2418;1;25
2419;1;25
2420;1;25
2421;1;25
2422;1;25
2423;1;25
2424;1;25
2425;1;25
2426;1;25
2427;1;25
2428;1;25
2429;1;25
2430;1;25
2431;1;25
2432;1;25
2433;1;25
2434;1;25
2435;1;25
2436;1;25
2437;1;25
2438;1;25
2439;1;25
2440;1;25
2441;1;25
2442;1;25
2443;1;25
2444;1;25
2445;1;25
2446;1;25
2447;1;25
2448;1;25
2449;1;25
2450;1;25
2451;1;25
2452;1;25
2453;1;25
2454;1;25
2455;1;25
2456;1;25
2457;1;25
2458;1;25
2459;1;25
2460;1;25
2461;1;25
2462;1;25
2463;1;25
2464;1;25
2465;1;25
2466;1;25
2467;1;25
2468;1;25
2469;1;25
2470;1;25
2471;1;25
2472;1;25
2473;1;25
2474;1;25
2475;1;25
2476;1;25
2477;1;25
2478;1;25
2479;1;25
2480;1;25
2481;1;25
2482;1;25
2483;1;25
2484;1;25
2485;1;25
2486;1;25
2487;1;25
2488;1;25
2489;1;25
2490;1;25
2491;1;25
2492;1;25
2493;1;25
2494;1;25
2495;1;25
2496;1;25
2497;1;25
2498;1;25
2499;1;25
2500;1;25
2501;1;25
2502;1;25
2503;1;25
2504;1;25
2505;1;25
2506;1;25
2507;1;25
2508;1;25
2509;1;25
2510;1;25
2511;1;25
2512;1;25
2513;1;25
2514;1;25
2515;1;25
2516;1;25
2517;1;25
2518;1;25
2519;1;25
2520;1;25
2521;1;25
2522;1;25
2523;1;25
2524;1;25
2525;1;25
2526;1;25
2527;1;25
2528;1;25
2529;1;25
2530;1;25
2531;1;25
2532;1;25
2533;1;25
2534;1;25
2535;1;25
2536;1;25
2537;1;25
2538;1;25
2539;1;25
2540;1;25
2541;1;25
2542;1;25
2543;1;25
2544;1;25
2545;1;25
2546;1;25
2547;1;25
2548;1;25
2549;1;25
2550;1;25
2551;1;25
2552;1;25
2553;1;25
2554;1;25
2555;1;25
2556;1;25
2557;1;25
2558;1;25
2559;1;25
2560;1;25
2561;1;25
2562;1;25
2563;1;25
2564;1;25
2565;1;25
2566;1;25
2567;1;25
2568;1;25
2569;1;25
2570;1;25
2571;1;25
2572;1;25
2573;1;25
2574;1;25
2575;1;25
2576;1;25
2577;1;25
2578;1;25
2579;1;25
2580;1;25
2581;1;25
2582;1;25
2583;1;25
2584;1;25
2585;1;25
2586;1;25
2587;1;25
2588;1;25
2589;1;25
2590;1;25
2591;1;25
2592;1;25
2593;1;25
2594;1;25
2595;1;25
2596;1;25
2597;1;25
2598;1;25
2599;1;25
2600;1;25
2601;1;25
2602;1;25
2603;1;25
2604;1;25
2605;1;25
2606;1;25
2607;1;25
2608;1;25
2609;1;25
2610;1;25
2611;1;25
2612;1;25
2613;1;25
2614;1;25
2615;1;25
2616;1;25
2617;1;25
2618;1;25
2619;1;25
2620;1;25
2621;1;25
2622;1;25
2623;1;25
2624;1;25
2625;1;25
2626;1;25
2627;1;25
2628;1;25
2629;1;25
2630;1;25
2631;1;25
2632;1;25
2633;1;25
2634;1;25
2635;1;25
2636;1;25
2637;1;25
2638;1;25
2639;1;25
2640;1;25
2641;1;25
2642;1;25
2643;1;25
2644;1;25
2645;1;25
2646;1;25
2647;1;25
2648;1;25
2649;1;25
2650;1;25
2651;1;25
2652;1;25
2653;1;25
2654;1;25
2655;1;25
2656;1;25
2657;1;25
2658;1;25
2659;1;25
2660;1;25
2661;1;25
2662;1;25
2663;1;25
2664;1;25
2665;1;25
2666;1;25
2667;1;25
2668;1;25
2669;1;25
2670;1;25
2671;1;25
2672;1;25
2673;1;25
2674;1;25
2675;1;25
2676;1;25
2677;1;25
2678;1;25
2679;1;25
2680;1;25
2681;1;25
2682;1;25
2683;1;25
2684;1;25
2685;1;25
2686;1;25
2687;1;25
2688;1;25
2689;1;25
2690;1;25
2691;1;25
2692;1;25
2693;1;25
2694;1;25
2695;1;25
2696;1;25
2697;1;25
2698;1;25
2699;1;25
2700;1;25
2701;1;25
2702;1;25
2703;1;25
2704;1;25
2705;1;25
2706;1;25
2707;1;25
2708;1;25
2709;1;25
2710;1;25
2711;1;25
2712;1;25
2713;1;25
2714;1;25
2715;1;25
2716;1;25
2717;1;25
2718;1;25
2719;1;25
2720;1;25
2721;1;25
2722;1;25
2723;1;25
2724;1;25
2725;1;25
2726;1;25
2727;1;25
2728;1;25
2729;1;25
2730;1;25
2731;1;25
2732;1;25
2733;1;25
2734;1;25
2735;1;25
2736;1;25
2737;1;25
2738;1;25
2739;1;25
2740;1;25
2741;1;25
2742;1;25
2743;1;25
2744;1;25
2745;1;25
2746;1;25
2747;1;25
2748;1;25
2749;1;25
2750;1;25
2751;1;25
2752;1;25
2753;1;25
2754;1;25
2755;1;25
2756;1;25
2757;1;25
2758;1;25
2759;1;25
2760;1;25
2761;1;25
2762;1;25
2763;1;25
2764;1;25
2765;1;25
2766;1;25
2767;1;25
2768;1;25
2769;1;25
2770;1;25
2771;1;25
2772;1;25
2773;1;25
2774;1;25
2775;1;25
2776;1;25
2777;1;25
2778;1;25
2779;1;25
2780;1;25
2781;1;25
2782;1;25
2783;1;25
2784;1;25
2785;1;25
2786;1;25
2787;1;25
2788;1;25
2789;1;25
2790;1;25
2791;1;25
2792;1;25
2793;1;25
2794;1;25
2795;1;25
2796;1;25
2797;1;25
2798;1;25
2799;1;25
2800;1;25
2801;1;25
2802;1;25
2803;1;25
2804;1;25
2805;1;25
2806;1;25
2807;1;25
2808;1;25
2809;1;25
2810;1;25
2811;1;25
2812;1;25
2813;1;25
2814;1;25
2815;1;25
2816;1;25
2817;1;25
2818;1;25
2819;1;25
2820;1;25
2821;1;25
2822;1;25
2823;1;25
2824;1;25
2825;1;25
2826;1;25
2827;1;25
2828;1;25
2829;1;25
2830;1;25
2831;1;25
2832;1;25
2833;1;25
2834;1;25
2835;1;25
2836;1;25
2837;1;25
2838;1;25
2839;1;25
2840;1;25
2841;1;25
2842;1;25
2843;1;25
2844;1;25
2845;1;25
2846;1;25
2847;1;25
2848;1;25
2849;1;25
2850;1;25
2851;1;25
2852;1;25
2853;1;25
2854;1;25
2855;1;25
2856;1;25
2857;1;25
2858;1;25
2859;1;25
2860;1;25
2861;1;25
2862;1;25
2863;1;25
2864;1;25
2865;1;25
2866;1;25
2867;1;25
2868;1;25
2869;1;25
2870;1;25
2871;1;25
2872;1;25
2873;1;25
2874;1;25
2875;1;25
2876;1;25
2877;1;25
2878;1;25
2879;1;25
2880;1;25
2881;1;25
2882;1;25
2883;1;25
2884;1;25
2885;1;25
2886;1;25
2887;1;25
2888;1;25
2889;1;25
2890;1;25
2891;1;25
2892;1;25
2893;1;25
2894;1;25
2895;1;25
2896;1;25
2897;1;25
2898;1;25
2899;1;25
2900;1;25
2901;1;25
2902;1;25
2903;1;25
2904;1;25
2905;1;25
2906;1;25
2907;1;25
2908;1;25
2909;1;25
2910;1;25
2911;1;25
2912;1;25
2913;1;25
2914;1;25
2915;1;25
2916;1;25
2917;1;25
2918;1;25
2919;1;25
2920;1;25
2921;1;25
2922;1;25
2923;1;25
2924;1;25
2925;1;25
2926;1;25
2927;1;25
2928;1;25
2929;1;25
2930;1;25
2931;1;25
2932;1;25
2933;1;25
2934;1;25
2935;1;25
2936;1;25
2937;1;25
2938;1;25
2939;1;25
2940;1;25
2941;1;25
2942;1;25
2943;1;25
2944;1;25
2945;1;25
2946;1;25
2947;1;25
2948;1;25
2949;1;25
2950;1;25
2951;1;25
2952;1;25
2953;1;25
2954;1;25
2955;1;25
2956;1;25
2957;1;25
2958;1;25
2959;1;25
2960;1;25
2961;1;25
2962;1;25
2963;1;25
2964;1;25
2965;1;25
2966;1;25
2967;1;25
2968;1;25
2969;1;25
2970;1;25
2971;1;25
2972;1;25
2973;1;25
2974;1;25
2975;1;25
2976;1;25
2977;1;25
2978;1;25
2979;1;25
2980;1;25
2981;1;25
2982;1;25
2983;1;25
2984;1;25
2985;1;25
2986;1;25
2987;1;25
2988;1;25
2989;1;25
2990;1;25
2991;1;25
2992;1;25
2993;1;25
2994;1;25
2995;1;25
2996;1;25
2997;1;25
2998;1;25
2999;1;25
3000;1;25
3001;1;25
3002;1;25
3003;1;25
3004;1;25
3005;1;25
3006;1;25
3007;1;25
3008;1;25
3009;1;25
3010;1;25
3011;1;25
3012;1;25
3013;1;25
3014;1;25
3015;1;25
3016;1;25
3017;1;25
3018;1;25
3019;1;25
3020;1;25
3021;1;25
3022;1;25
3023;1;25
3024;1;25
3025;1;25
3026;1;25
3027;1;25
3028;1;25
3029;1;25
3030;1;25
3031;1;25
3032;1;25
3033;1;25
3034;1;25
3035;1;25
3036;1;25
3037;1;25
3038;1;25
3039;1;25
3040;1;25
3041;1;25
3042;1;25
3043;1;25
3044;1;25
3045;1;25
3046;1;25
3047;1;25
3048;1;25
3049;1;25
3050;1;25
3051;1;25
3052;1;25
3053;1;25
3054;1;25
3055;1;25
3056;1;25
3057;1;25
3058;1;25
3059;1;25
3060;1;25
3061;1;25
3062;1;25
3063;1;25
3064;1;25
3065;1;25
3066;1;25
3067;1;25
3068;1;25
3069;1;25
3070;1;25
3071;1;25
3072;1;25
3073;1;25
3074;1;25
3075;1;25
3076;1;25
3077;1;25
3078;1;25
3079;1;25
3080;1;25
3081;1;25
3082;1;25
3083;1;25
3084;1;25
3085;1;25
3086;1;25
3087;1;25
3088;1;25
3089;1;25
3090;1;25
3091;1;25
3092;1;25
3093;1;25
3094;1;25
3095;1;25
3096;1;25
3097;1;25
3098;1;25
3099;1;25
3100;1;25
3101;1;25
3102;1;25
3103;1;25
3104;1;25
3105;1;25
3106;1;25
3107;1;25
3108;1;25
3109;1;25
3110;1;25
3111;1;25
3112;1;25
3113;1;25
3114;1;25
3115;1;25
3116;1;25
3117;1;25
3118;1;25
3119;1;25
3120;1;25
3121;1;25
3122;1;25
3123;1;25
3124;1;25
3125;1;25
3126;1;25
3127;1;25
3128;1;25
3129;1;25
3130;1;25
3131;1;25
3132;1;25
3133;1;25
3134;1;25
3135;1;25
3136;1;25
3137;1;25
3138;1;25
3139;1;25
3140;1;25
3141;1;25
3142;1;25
3143;1;25
3144;1;25
3145;1;25
3146;1;25
3147;1;25
3148;1;25
3149;1;25
3150;1;25
3151;1;25
3152;1;25
3153;1;25
3154;1;25
3155;1;25
3156;1;25
3157;1;25
3158;1;25
3159;1;25
3160;1;25
3161;1;25
3162;1;25
3163;1;25
3164;1;25
3165;1;25
3166;1;25
3167;1;25
3168;1;25
3169;1;25
3170;1;25
3171;1;25
3172;1;25
3173;1;25
3174;1;25
3175;1;25
3176;1;25
3177;1;25
3178;1;25
3179;1;25
3180;1;25
3181;1;25
3182;1;25
3183;1;25
3184;1;25
3185;1;25
3186;1;25
3187;1;25
3188;1;25
3189;1;25
3190;1;25
3191;1;25
3192;1;25
3193;1;25
3194;1;25
3195;1;25
3196;1;25
3197;1;25
3198;1;25
3199;1;25
3200;1;25
3201;1;25
3202;1;25
3203;1;25
3204;1;25
3205;1;25
3206;1;25
3207;1;25
3208;1;25
3209;1;25
3210;1;25
3211;1;25
3212;1;25
3213;1;25
3214;1;25
3215;1;25
3216;1;25
3217;1;25
3218;1;25
3219;1;25
3220;1;25
3221;1;25
3222;1;25
3223;1;25
3224;1;25
3225;1;25
3226;1;25
3227;1;25
3228;1;25
3229;1;25
3230;1;25
3231;1;25
3232;1;25
3233;1;25
3234;1;25
3235;1;25
3236;1;25
3237;1;25
3238;1;25
3239;1;25
3240;1;25
3241;1;25
3242;1;25
3243;1;25
3244;1;25
3245;1;25
3246;1;25
3247;1;25
3248;1;25
3249;1;25
3250;1;25
3251;1;25
3252;1;25
3253;1;25
3254;1;25
3255;1;25
3256;1;25
3257;1;25
3258;1;25
3259;1;25
3260;1;25
3261;1;25
3262;1;25
3263;1;25
3264;1;25
3265;1;25
3266;1;25
3267;1;25
3268;1;25
3269;1;25
3270;1;25
3271;1;25
3272;1;25
3273;1;25
3274;1;25
3275;1;25
3276;1;25
3277;1;25
3278;1;25
3279;1;25
3280;1;25
3281;1;25
3282;1;25
3283;1;25
3284;1;25
3285;1;25
3286;1;25
3287;1;25
3288;1;25
3289;1;25
3290;1;25
3291;1;25
3292;1;25
3293;1;25
3294;1;25
3295;1;25
3296;1;25
3297;1;25
3298;1;25
3299;1;25
3300;1;25
3301;1;25
3302;1;25
3303;1;25
3304;1;25
3305;1;25
3306;1;25
3307;1;25
3308;1;25
3309;1;25
3310;1;25
3311;1;25
3312;1;25
3313;1;25
3314;1;25
3315;1;25
3316;1;25
3317;1;25
3318;1;25
3319;1;25
3320;1;25
3321;1;25
3322;1;25
3323;1;25
3324;1;25
3325;1;25
3326;1;25
3327;1;25
3328;1;25
3329;1;25
3330;1;25
3331;1;25
3332;1;25
3333;1;25
3334;1;25
3335;1;25
3336;1;25
3337;1;25
3338;1;25
3339;1;25
3340;1;25
3341;1;25
3342;1;25
3343;1;25
3344;1;25
3345;1;25
3346;1;25
3347;1;25
3348;1;25
3349;1;25
3350;1;25
3351;1;25
3352;1;25
3353;1;25
3354;1;25
3355;1;25
3356;1;25
3357;1;25
3358;1;25
3359;1;25
3360;1;25
3361;1;25
3362;1;25
3363;1;25
3364;1;25
3365;1;25
3366;1;25
3367;1;25
3368;1;25
3369;1;25
3370;1;25
3371;1;25
3372;1;25
3373;1;25
3374;1;25
3375;1;25
3376;1;25
3377;1;25
3378;1;25
3379;1;25
3380;1;25
3381;1;25
3382;1;25
3383;1;25
3384;1;25
3385;1;25
3386;1;25
3387;1;25
3388;1;25
3389;1;25
3390;1;25
3391;1;25
3392;1;25
3393;1;25
3394;1;25
3395;1;25
3396;1;25
3397;1;25
3398;1;25
3399;1;25
3400;1;25
3401;1;25
3402;1;25
3403;1;25
3404;1;25
3405;1;25
3406;1;25
3407;1;25
3408;1;25
3409;1;25
3410;1;25
3411;1;25
3412;1;25
3413;1;25
3414;1;25
3415;1;25
3416;1;25
3417;1;25
3418;1;25
3419;1;25
3420;1;25
3421;1;25
3422;1;25
3423;1;25
3424;1;25
3425;1;25
3426;1;25
3427;1;25
3428;1;25
3429;1;25
3430;1;25
3431;1;25
3432;1;25
3433;1;25
3434;1;25
3435;1;25
3436;1;25
3437;1;25
3438;1;25
3439;1;25
3440;1;25
3441;1;25
3442;1;25
3443;1;25
3444;1;25
3445;1;25
3446;1;25
3447;1;25
3448;1;25
3449;1;25
3450;1;25
3451;1;25
3452;1;25
3453;1;25
3454;1;25
3455;1;25
3456;1;25
3457;1;25
3458;1;25
3459;1;25
3460;1;25
3461;1;25
3462;1;25
3463;1;25
3464;1;25
3465;1;25
3466;1;25
3467;1;25
3468;1;25
3469;1;25
3470;1;25
3471;1;25
3472;1;25
3473;1;25
3474;1;25
3475;1;25
3476;1;25
3477;1;25
3478;1;25
3479;1;25
3480;1;25
3481;1;25
3482;1;25
3483;1;25
3484;1;25
3485;1;25
3486;1;25
3487;1;25
3488;1;25
3489;1;25
3490;1;25
3491;1;25
3492;1;25
3493;1;25
3494;1;25
3495;1;25
3496;1;25
3497;1;25
3498;1;25
3499;1;25
3500;1;25
3501;1;25
3502;1;25
3503;1;25
3504;1;25
3505;1;25
3506;1;25
3507;1;25
3508;1;25
3509;1;25
3510;1;25
3511;1;25
3512;1;25
3513;1;25
3514;1;25
3515;1;25
3516;1;25
3517;1;25
3518;1;25
3519;1;25
3520;1;25
3521;1;25
3522;1;25
3523;1;25
3524;1;25
3525;1;25
3526;1;25
3527;1;25
3528;1;25
3529;1;25
3530;1;25
3531;1;25
3532;1;25
3533;1;25
3534;1;25
3535;1;25
3536;1;25
3537;1;25
3538;1;25
3539;1;25
3540;1;25
3541;1;25
3542;1;25
3543;1;25
3544;1;25
3545;1;25
3546;1;25
3547;1;25
3548;1;25
3549;1;25
3550;1;25
3551;1;25
3552;1;25
3553;1;25
3554;1;25
3555;1;25
3556;1;25
3557;1;25
3558;1;25
3559;1;25
3560;1;25
3561;1;25
3562;1;25
3563;1;25
3564;1;25
3565;1;25
3566;1;25
3567;1;25
3568;1;25
3569;1;25
3570;1;25
3571;1;25
3572;1;25
3573;1;25
3574;1;25
3575;1;25
3576;1;25
3577;1;25
3578;1;25
3579;1;25
3580;1;25
3581;1;25
3582;1;25
3583;1;25
3584;1;25
3585;1;25
3586;1;25
3587;1;25
3588;1;25
3589;1;25
3590;1;25
3591;1;25
3592;1;25
3593;1;25
3594;1;25
3595;1;25
3596;1;25
3597;1;25
3598;1;25
3599;1;25
3600;1;25
3601;1;25
3602;1;25
3603;1;25
3604;1;25
3605;1;25
3606;1;25
3607;1;25
3608;1;25
3609;1;25
3610;1;25
3611;1;25
3612;1;25
3613;1;25
3614;1;25
3615;1;25
3616;1;25
3617;1;25
3618;1;25
3619;1;25
3620;1;25
3621;1;25
3622;1;25
3623;1;25
3624;1;25
3625;1;25
3626;1;25
3627;1;25
3628;1;25
3629;1;25
3630;1;25
3631;1;25
3632;1;25
3633;1;25
3634;1;25
3635;1;25
3636;1;25
3637;1;25
3638;1;25
3639;1;25
3640;1;25
3641;1;25
3642;1;25
3643;1;25
3644;1;25
3645;1;25
3646;1;25
3647;1;25
3648;1;25
3649;1;25
3650;1;25
3651;1;25
3652;1;25
3653;1;25
3654;1;25
3655;1;25
3656;1;25
3657;1;25
3658;1;25
3659;1;25
3660;1;25
3661;1;25
3662;1;25
3663;1;25
3664;1;25
3665;1;25
3666;1;25
3667;1;25
3668;1;25
3669;1;25
3670;1;25
3671;1;25
3672;1;25
3673;1;25
3674;1;25
3675;1;25
3676;1;25
3677;1;25
3678;1;25
3679;1;25
3680;1;25
3681;1;25
3682;1;25
3683;1;25
3684;1;25
3685;1;25
3686;1;25
3687;1;25
3688;1;25
3689;1;25
3690;1;25
3691;1;25
3692;1;25
3693;1;25
3694;1;25
3695;1;25
3696;1;25
3697;1;25
3698;1;25
3699;1;25
3700;1;25
3701;1;25
3702;1;25
3703;1;25
3704;1;25
3705;1;25
3706;1;25
3707;1;25
3708;1;25
3709;1;25
3710;1;25
3711;1;25
3712;1;25
3713;1;25
3714;1;25
3715;1;25
3716;1;25
3717;1;25
3718;1;25
3719;1;25
3720;1;25
3721;1;25
3722;1;25
3723;1;25
3724;1;25
3725;1;25
3726;1;25
3727;1;25
3728;1;25
3729;1;25
3730;1;25
3731;1;25
3732;1;25
3733;1;25
3734;1;25
3735;1;25
3736;1;25
3737;1;25
3738;1;25
3739;1;25
3740;1;25
3741;1;25
3742;1;25
3743;1;25
3744;1;25
3745;1;25
3746;1;25
3747;1;25
3748;1;25
3749;1;25
3750;1;25
3751;1;25
3752;1;25
3753;1;25
3754;1;25
3755;1;25
3756;1;25
3757;1;25
3758;1;25
3759;1;25
3760;1;25
3761;1;25
3762;1;25
3763;1;25
3764;1;25
3765;1;25
3766;1;25
3767;1;25
3768;1;25
3769;1;25
3770;1;25
3771;1;25
3772;1;25
3773;1;25
3774;1;25
3775;1;25
3776;1;25
3777;1;25
3778;1;25
3779;1;25
3780;1;25
3781;1;25
3782;1;25
3783;1;25
3784;1;25
3785;1;25
3786;1;25
3787;1;25
3788;1;25
3789;1;25
3790;1;25
3791;1;25
3792;1;25
3793;1;25
3794;1;25
3795;1;25
3796;1;25
3797;1;25
3798;1;25
3799;1;25
3800;1;25
3801;1;25
3802;1;25
3803;1;25
3804;1;25
3805;1;25
3806;1;25
3807;1;25
3808;1;25
3809;1;25
3810;1;25
3811;1;25
3812;1;25
3813;1;25
3814;1;25
3815;1;25
3816;1;25
3817;1;25
3818;1;25
3819;1;25
3820;1;25
3821;1;25
3822;1;25
3823;1;25
3824;1;25
3825;1;25
3826;1;25
3827;1;25
3828;1;25
3829;1;25
3830;1;25
3831;1;25
3832;1;25
3833;1;25
3834;1;25
3835;1;25
3836;1;25
3837;1;25
3838;1;25
3839;1;25
3840;1;25
3841;1;25
3842;1;25
3843;1;25
3844;1;25
3845;1;25
3846;1;25
3847;1;25
3848;1;25
3849;1;25
3850;1;25
3851;1;25
3852;1;25
3853;1;25
3854;1;25
3855;1;25
3856;1;25
3857;1;25
3858;1;25
3859;1;25
3860;1;25
3861;1;25
3862;1;25
3863;1;25
3864;1;25
3865;1;25
3866;1;25
3867;1;25
3868;1;25
3869;1;25
3870;1;25
3871;1;25
3872;1;25
3873;1;25
3874;1;25
3875;1;25
3876;1;25
3877;1;25
3878;1;25
3879;1;25
3880;1;25
3881;1;25
3882;1;25
3883;1;25
3884;1;25
3885;1;25
3886;1;25
3887;1;25
3888;1;25
3889;1;25
3890;1;25
3891;1;25
3892;1;25
3893;1;25
3894;1;25
3895;1;25
3896;1;25
3897;1;25
3898;1;25
3899;1;25
3900;1;25
3901;1;25
3902;1;25
3903;1;25
3904;1;25
3905;1;25
3906;1;25
3907;1;25
3908;1;25
3909;1;25
3910;1;25
3911;1;25
3912;1;25
3913;1;25
3914;1;25
3915;1;25
3916;1;25
3917;1;25
3918;1;25
3919;1;25
3920;1;25
3921;1;25
3922;1;25
3923;1;25
3924;1;25
3925;1;25
3926;1;25
3927;1;25
3928;1;25
3929;1;25
3930;1;25
3931;1;25
3932;1;25
3933;1;25
3934;1;25
3935;1;25
3936;1;25
3937;1;25
3938;1;25
3939;1;25
3940;1;25
3941;1;25
3942;1;25
3943;1;25
3944;1;25
3945;1;25
3946;1;25
3947;1;25
3948;1;25
3949;1;25
3950;1;25
3951;1;25
3952;1;25
3953;1;25
3954;1;25
3955;1;25
3956;1;25
3957;1;25
3958;1;25
3959;1;25
3960;1;25
3961;1;25
3962;1;25
3963;1;25
3964;1;25
3965;1;25
3966;1;25
3967;1;25
3968;1;25
3969;1;25
3970;1;25
3971;1;25
3972;1;25
3973;1;25
3974;1;25
3975;1;25
3976;1;25
3977;1;25
3978;1;25
3979;1;25
3980;1;25
3981;1;25
3982;1;25
3983;1;25
3984;1;25
3985;1;25
3986;1;25
3987;1;25
3988;1;25
3989;1;25
3990;1;25
3991;1;25
3992;1;25
3993;1;25
3994;1;25
3995;1;25
3996;1;25
3997;1;25
3998;1;25
3999;1;25
4000;1;25
4001;1;25
4002;1;25
4003;1;25
4004;1;25
4005;1;25
4006;1;25
4007;1;25
4008;1;25
4009;1;25
4010;1;25
4011;1;25
4012;1;25
4013;1;25
4014;1;25
4015;1;25
4016;1;25
4017;1;25
4018;1;25
4019;1;25
4020;1;25
4021;1;25
4022;1;25
4023;1;25
4024;1;25
4025;1;25
4026;1;25
4027;1;25
4028;1;25
4029;1;25
4030;1;25
4031;1;25
4032;1;25
4033;1;25
4034;1;25
4035;1;25
4036;1;25
4037;1;25
4038;1;25
4039;1;25
4040;1;25
4041;1;25
4042;1;25
4043;1;25
4044;1;25
4045;1;25
4046;1;25
4047;1;25
4048;1;25
4049;1;25
4050;1;25
4051;1;25
4052;1;25
4053;1;25
4054;1;25
4055;1;25
4056;1;25
4057;1;25
4058;1;25
4059;1;25
4060;1;25
4061;1;25
4062;1;25
4063;1;25
4064;1;25
4065;1;25
4066;1;25
4067;1;25
4068;1;25
4069;1;25
4070;1;25
4071;1;25
4072;1;25
4073;1;25
4074;1;25
4075;1;25
4076;1;25
4077;1;25
4078;1;25
4079;1;25
4080;1;25
4081;1;25
4082;1;25
4083;1;25
4084;1;25
4085;1;25
4086;1;25
4087;1;25
4088;1;25
4089;1;25
4090;1;25
4091;1;25
4092;1;25
4093;1;25
4094;1;25
4095;1;25
4096;1;25
4097;1;25
4098;1;25
4099;1;25
4100;1;25
4101;1;25
4102;1;25
4103;1;25
4104;1;25
4105;1;25
4106;1;25
4107;1;25
4108;1;25
4109;1;25
4110;1;25
4111;1;25
4112;1;25
4113;1;25
4114;1;25
4115;1;25
4116;1;25
4117;1;25
4118;1;25
4119;1;25
4120;1;25
4121;1;25
4122;1;25
4123;1;25
4124;1;25
4125;1;25
4126;1;25
4127;1;25
4128;1;25
4129;1;25
4130;1;25
4131;1;25
4132;1;25
4133;1;25
4134;1;25
4135;1;25
4136;1;25
4137;1;25
4138;1;25
4139;1;25
4140;1;25
4141;1;25
4142;1;25
4143;1;25
4144;1;25
4145;1;25
4146;1;25
4147;1;25
4148;1;25
4149;1;25
4150;1;25
4151;1;25
4152;1;25
4153;1;25
4154;1;25
4155;1;25
4156;1;25
4157;1;25
4158;1;25
4159;1;25
4160;1;25
4161;1;25
4162;1;25
4163;1;25
4164;1;25
4165;1;25
4166;1;25
4167;1;25
4168;1;25
4169;1;25
4170;1;25
4171;1;25
4172;1;25
4173;1;25
4174;1;25
4175;1;25
4176;1;25
4177;1;25
4178;1;25
4179;1;25
4180;1;25
4181;1;25
4182;1;25
4183;1;25
4184;1;25
4185;1;25
4186;1;25
4187;1;25
4188;1;25
4189;1;25
4190;1;25
4191;1;25
4192;1;25
4193;1;25
4194;1;25
4195;1;25
4196;1;25
4197;1;25
4198;1;25
4199;1;25
4200;1;25
4201;1;25
4202;1;25
4203;1;25
4204;1;25
4205;1;25
4206;1;25
4207;1;25
4208;1;25
4209;1;25
4210;1;25
4211;1;25
4212;1;25
4213;1;25
4214;1;25
4215;1;25
4216;1;25
4217;1;25
4218;1;25
4219;1;25
4220;1;25
4221;1;25
4222;1;25
4223;1;25
4224;1;25
4225;1;25
4226;1;25
4227;1;25
4228;1;25
4229;1;25
4230;1;25
4231;1;25
4232;1;25
4233;1;25
4234;1;25
4235;1;25
4236;1;25
4237;1;25
4238;1;25
4239;1;25
4240;1;25
4241;1;25
4242;1;25
4243;1;25
4244;1;25
4245;1;25
4246;1;25
4247;1;25
4248;1;25
4249;1;25
4250;1;25
4251;1;25
4252;1;25
4253;1;25
4254;1;25
4255;1;25
4256;1;25
4257;1;25
4258;1;25
4259;1;25
4260;1;25
4261;1;25
4262;1;25
4263;1;25
4264;1;25
4265;1;25
4266;1;25
4267;1;25
4268;1;25
4269;1;25
4270;1;25
4271;1;25
4272;1;25
4273;1;25
4274;1;25
4275;1;25
4276;1;25
4277;1;25
4278;1;25
4279;1;25
4280;1;25
4281;1;25
4282;1;25
4283;1;25
4284;1;25
4285;1;25
4286;1;25
4287;1;25
4288;1;25
4289;1;25
4290;1;25
4291;1;25
4292;1;25
4293;1;25
4294;1;25
4295;1;25
4296;1;25
4297;1;25
4298;1;25
4299;1;25
4300;1;25
4301;1;25
4302;1;25
4303;1;25
4304;1;25
4305;1;25
4306;1;25
4307;1;25
4308;1;25
4309;1;25
4310;1;25
4311;1;25
4312;1;25
4313;1;25
4314;1;25
4315;1;25
4316;1;25
4317;1;25
4318;1;25
4319;1;25
4320;1;25
4321;1;25
4322;1;25
4323;1;25
4324;1;25
4325;1;25
4326;1;25
4327;1;25
4328;1;25
4329;1;25
4330;1;25
4331;1;25
4332;1;25
4333;1;25
4334;1;25
4335;1;25
4336;1;25
4337;1;25
4338;1;25
4339;1;25
4340;1;25
4341;1;25
4342;1;25
4343;1;25
4344;1;25
4345;1;25
4346;1;25
4347;1;25
4348;1;25
4349;1;25
4350;1;25
4351;1;25
4352;1;25
4353;1;25
4354;1;25
4355;1;25
4356;1;25
4357;1;25
4358;1;25
4359;1;25
4360;1;25
4361;1;25
4362;1;25
4363;1;25
4364;1;25
4365;1;25
4366;1;25
4367;1;25
4368;1;25
4369;1;25
4370;1;25
4371;1;25
4372;1;25
4373;1;25
4374;1;25
4375;1;25
4376;1;25
4377;1;25
4378;1;25
4379;1;25
4380;1;25
4381;1;25
4382;1;25
4383;1;25
4384;1;25
4385;1;25
4386;1;25
4387;1;25
4388;1;25
4389;1;25
4390;1;25
4391;1;25
4392;1;25
4393;1;25
4394;1;25
4395;1;25
4396;1;25
4397;1;25
4398;1;25
4399;1;25
4400;1;25
4401;1;25
4402;1;25
4403;1;25
4404;1;25
4405;1;25
4406;1;25
4407;1;25
4408;1;25
4409;1;25
4410;1;25
4411;1;25
4412;1;25
4413;1;25
4414;1;25
4415;1;25
4416;1;25
4417;1;25
4418;1;25
4419;1;25
4420;1;25
4421;1;25
4422;1;25
4423;1;25
4424;1;25
4425;1;25
4426;1;25
4427;1;25
4428;1;25
4429;1;25
4430;1;25
4431;1;25
4432;1;25
4433;1;25
4434;1;25
4435;1;25
4436;1;25
4437;1;25
4438;1;25
4439;1;25
4440;1;25
4441;1;25
4442;1;25
4443;1;25
4444;1;25
4445;1;25
4446;1;25
4447;1;25
4448;1;25
4449;1;25
4450;1;25
4451;1;25
4452;1;25
4453;1;25
4454;1;25
4455;1;25
4456;1;25
4457;1;25
4458;1;25
4459;1;25
4460;1;25
4461;1;25
4462;1;25
4463;1;25
4464;1;25
4465;1;25
4466;1;25
4467;1;25
4468;1;25
4469;1;25
4470;1;25
4471;1;25
4472;1;25
4473;1;25
4474;1;25
4475;1;25
4476;1;25
4477;1;25
4478;1;25
4479;1;25
4480;1;25
4481;1;25
4482;1;25
4483;1;25
4484;1;25
4485;1;25
4486;1;25
4487;1;25
4488;1;25
4489;1;25
4490;1;25
4491;1;25
4492;1;25
4493;1;25
4494;1;25
4495;1;25
4496;1;25
4497;1;25
4498;1;25
4499;1;25
4500;1;25
4501;1;25
4502;1;25
4503;1;25
4504;1;25
4505;1;25
4506;1;25
4507;1;25
4508;1;25
4509;1;25
4510;1;25
4511;1;25
4512;1;25
4513;1;25
4514;1;25
4515;1;25
4516;1;25
4517;1;25
4518;1;25
4519;1;25
4520;1;25
4521;1;25
4522;1;25
4523;1;25
4524;1;25
4525;1;25
4526;1;25
4527;1;25
4528;1;25
4529;1;25
4530;1;25
4531;1;25
4532;1;25
4533;1;25
4534;1;25
4535;1;25
4536;1;25
4537;1;25
4538;1;25
4539;1;25
4540;1;25
4541;1;25
4542;1;25
4543;1;25
4544;1;25
4545;1;25
4546;1;25
4547;1;25
4548;1;25
4549;1;25
4550;1;25
4551;1;25
4552;1;25
4553;1;25
4554;1;25
4555;1;25
4556;1;25
4557;1;25
4558;1;25
4559;1;25
4560;1;25
4561;1;25
4562;1;25
4563;1;25
4564;1;25
4565;1;25
4566;1;25
4567;1;25
4568;1;25
4569;1;25
4570;1;25
4571;1;25
4572;1;25
4573;1;25
4574;1;25
4575;1;25
4576;1;25
4577;1;25
4578;1;25
4579;1;25
4580;1;25
4581;1;25
4582;1;25
4583;1;25
4584;1;25
4585;1;25
4586;1;25
4587;1;25
4588;1;25
4589;1;25
4590;1;25
4591;1;25
4592;1;25
4593;1;25
4594;1;25
4595;1;25
4596;1;25
4597;1;25
4598;1;25
4599;1;25
4600;1;25
4601;1;25
4602;1;25
4603;1;25
4604;1;25
4605;1;25
4606;1;25
4607;1;25
4608;1;25
4609;1;25
4610;1;25
4611;1;25
4612;1;25
4613;1;25
4614;1;25
4615;1;25
4616;1;25
4617;1;25
4618;1;25
4619;1;25
4620;1;25
4621;1;25
4622;1;25
4623;1;25
4624;1;25
4625;1;25
4626;1;25
4627;1;25
4628;1;25
4629;1;25
4630;1;25
4631;1;25
4632;1;25
4633;1;25
4634;1;25
4635;1;25
4636;1;25
4637;1;25
4638;1;25
4639;1;25
4640;1;25
4641;1;25
4642;1;25
4643;1;25
4644;1;25
4645;1;25
4646;1;25
4647;1;25
4648;1;25
4649;1;25
4650;1;25
4651;1;25
4652;1;25
4653;1;25
4654;1;25
4655;1;25
4656;1;25
4657;1;25
4658;1;25
4659;1;25
4660;1;25
4661;1;25
4662;1;25
4663;1;25
4664;1;25
4665;1;25
4666;1;25
4667;1;25
4668;1;25
4669;1;25
4670;1;25
4671;1;25
4672;1;25
4673;1;25
4674;1;25
4675;1;25
4676;1;25
4677;1;25
4678;1;25
4679;1;25
4680;1;25
4681;1;25
4682;1;25
4683;1;25
4684;1;25
4685;1;25
4686;1;25
4687;1;25
4688;1;25
4689;1;25
4690;1;25
4691;1;25
4692;1;25
4693;1;25
4694;1;25
4695;1;25
4696;1;25
4697;1;25
4698;1;25
4699;1;25
4700;1;25
4701;1;25
4702;1;25
4703;1;25
4704;1;25
4705;1;25
4706;1;25
4707;1;25
4708;1;25
4709;1;25
4710;1;25
4711;1;25
4712;1;25
4713;1;25
4714;1;25
4715;1;25
4716;1;25
4717;1;25
4718;1;25
4719;1;25
4720;1;25
4721;1;25
4722;1;25
4723;1;25
4724;1;25
4725;1;25
4726;1;25
4727;1;25
4728;1;25
4729;1;25
4730;1;25
4731;1;25
4732;1;25
4733;1;25
4734;1;25
4735;1;25
4736;1;25
4737;1;25
4738;1;25
4739;1;25
4740;1;25
4741;1;25
4742;1;25
4743;1;25
4744;1;25
4745;1;25
4746;1;25
4747;1;25
4748;1;25
4749;1;25
4750;1;25
4751;1;25
4752;1;25
4753;1;25
4754;1;25
4755;1;25
4756;1;25
4757;1;25
4758;1;25
4759;1;25
4760;1;25
4761;1;25
4762;1;25
4763;1;25
4764;1;25
4765;1;25
4766;1;25
4767;1;25
4768;1;25
4769;1;25
4770;1;25
4771;1;25
4772;1;25
4773;1;25
4774;1;25
4775;1;25
4776;1;25
4777;1;25
4778;1;25
4779;1;25
4780;1;25
4781;1;25
4782;1;25
4783;1;25
4784;1;25
4785;1;25
4786;1;25
4787;1;25
4788;1;25
4789;1;25
4790;1;25
4791;1;25
4792;1;25
4793;1;25
4794;1;25
4795;1;25
4796;1;25
4797;1;25
4798;1;25
4799;1;25
4800;1;25
4801;1;25
4802;1;25
4803;1;25
4804;1;25
4805;1;25
4806;1;25
4807;1;25
4808;1;25
4809;1;25
4810;1;25
4811;1;25
4812;1;25
4813;1;25
4814;1;25
4815;1;25
4816;1;25
4817;1;25
4818;1;25
4819;1;25
4820;1;25
4821;1;25
4822;1;25
4823;1;25
4824;1;25
4825;1;25
4826;1;25
4827;1;25
4828;1;25
4829;1;25
4830;1;25
4831;1;25
4832;1;25
4833;1;25
4834;1;25
4835;1;25
4836;1;25
4837;1;25
4838;1;25
4839;1;25
4840;1;25
4841;1;25
4842;1;25
4843;1;25
4844;1;25
4845;1;25
4846;1;25
4847;1;25
4848;1;25
4849;1;25
4850;1;25
4851;1;25
4852;1;25
4853;1;25
4854;1;25
4855;1;25
4856;1;25
4857;1;25
4858;1;25
4859;1;25
4860;1;25
4861;1;25
4862;1;25
4863;1;25
4864;1;25
4865;1;25
4866;1;25
4867;1;25
4868;1;25
4869;1;25
4870;1;25
4871;1;25
4872;1;25
4873;1;25
4874;1;25
4875;1;25
4876;1;25
4877;1;25
4878;1;25
4879;1;25
4880;1;25
4881;1;25
4882;1;25
4883;1;25
4884;1;25
4885;1;25
4886;1;25
4887;1;25
4888;1;25
4889;1;25
4890;1;25
4891;1;25
4892;1;25
4893;1;25
4894;1;25
4895;1;25
4896;1;25
4897;1;25
4898;1;25
4899;1;25
4900;1;25
4901;1;25
4902;1;25
4903;1;25
4904;1;25
4905;1;25
4906;1;25
4907;1;25
4908;1;25
4909;1;25
4910;1;25
4911;1;25
4912;1;25
4913;1;25
4914;1;25
4915;1;25
4916;1;25
4917;1;25
4918;1;25
4919;1;25
4920;1;25
4921;1;25
4922;1;25
4923;1;25
4924;1;25
4925;1;25
4926;1;25
4927;1;25
4928;1;25
4929;1;25
4930;1;25
4931;1;25
4932;1;25
4933;1;25
4934;1;25
4935;1;25
4936;1;25
4937;1;25
4938;1;25
4939;1;25
4940;1;25
4941;1;25
4942;1;25
4943;1;25
4944;1;25
4945;1;25
4946;1;25
4947;1;25
4949;1;25
4950;1;25
4952;1;25
4954;1;25
4955;1;25
4956;1;25
4957;1;25
4958;1;25
4959;1;25
4960;1;25
4961;1;25
4962;1;25
4963;1;25
4964;1;25
4965;1;25
4966;1;25
4967;1;25
4968;1;25
4969;1;25
4970;1;25
4971;1;25
4972;1;25
4973;1;25
4974;1;25
4975;1;25
4976;1;25
4977;1;25
4978;1;25
4979;1;25
4980;1;25
4981;1;25
4982;1;25
4983;1;25
4984;1;25
4985;1;25
4986;1;25
4987;1;25
4988;1;25
4989;1;25
4990;1;25
4991;1;25
4992;1;25
4993;1;25
4994;1;25
4995;1;25
4996;1;25
4997;1;25
4998;1;25
4999;1;25
5000;1;25
5001;1;25
5002;1;25
5003;1;25
5004;1;25
5005;1;25
5006;1;25
5007;1;25
5008;1;25
5009;1;25
5010;1;25
5011;1;25
5012;1;25
5013;1;25
5014;1;25
5015;1;25
5016;1;25
5017;1;25
5018;1;25
5019;1;25
5020;1;25
5021;1;25
5022;1;25
5023;1;25
5024;1;25
5025;1;25
5026;1;25
5027;1;25
5028;1;25
5029;1;25
5030;1;25
5031;1;25
5032;1;25
5033;1;25
5034;1;25
5035;1;25
5036;1;25
5037;1;25
5038;1;25
5039;1;25
5040;1;25
5041;1;25
5042;1;25
5043;1;25
5044;1;25
5045;1;25
5046;1;25
5047;1;25
5048;1;25
5049;1;25
5050;1;25
5051;1;25
5052;1;25
5053;1;25
5054;1;25
5055;1;25
5056;1;25
5057;1;25
5058;1;25
5059;1;25
5060;1;25
5061;1;25
5062;1;25
5063;1;25
5064;1;25
5065;1;25
5066;1;25
5067;1;25
5068;1;25
5069;1;25
5070;1;25
5071;1;25
5072;1;25
5073;1;25
5074;1;25
5075;1;25
5076;1;25
5077;1;25
5078;1;25
5079;1;25
5080;1;25
5081;1;25
5082;1;25
5083;1;25
5084;1;25
5085;1;25
5086;1;25
5087;1;25
5088;1;25
5089;1;25
5090;1;25
5091;1;25
5092;1;25
5093;1;25
5094;1;25
5095;1;25
5096;1;25
5097;1;25
5098;1;25
5099;1;25
5100;1;25
5101;1;25
5102;1;25
5103;1;25
5104;1;25
5105;1;25
5106;1;25
5107;1;25
5108;1;25
5109;1;25
5110;1;25
5111;1;25
5112;1;25
5113;1;25
5114;1;25
5115;1;25
5116;1;25
5117;1;25
5118;1;25
5119;1;25
5120;1;25
5121;1;25
5122;1;25
5123;1;25
5124;1;25
5125;1;25
5126;1;25
5127;1;25
5128;1;25
5129;1;25
5130;1;25
5131;1;25
5132;1;25
5133;1;25
5134;1;25
5135;1;25
5136;1;25
5137;1;25
5138;1;25
5139;1;25
5140;1;25
5141;1;25
5142;1;25
5143;1;25
5144;1;25
5145;1;25
5146;1;25
5147;1;25
5148;1;25
5149;1;25
5150;1;25
5151;1;25
5152;1;25
5153;1;25
5154;1;25
5155;1;25
5156;1;25
5157;1;25
5158;1;25
5159;1;25
5160;1;25
5161;1;25
5162;1;25
5163;1;25
5164;1;25
5165;1;25
5166;1;25
5167;1;25
5168;1;25
5169;1;25
5170;1;25
5171;1;25
5172;1;25
5173;1;25
5174;1;25
5175;1;25
5176;1;25
5177;1;25
5178;1;25
5179;1;25
5180;1;25
5181;1;25
5182;1;25
5183;1;25
5184;1;25
5185;1;25
5186;1;25
5187;1;25
5188;1;25
5189;1;25
5190;1;25
5191;1;25
5192;1;25
5193;1;25
5194;1;25
5195;1;25
5196;1;25
5197;1;25
5198;1;25
5199;1;25
5200;1;25
5201;1;25
5202;1;25
5203;1;25
5204;1;25
5205;1;25
5206;1;25
5207;1;25
5208;1;25
5209;1;25
5210;1;25
5211;1;25
5212;1;25
5213;1;25
5214;1;25
5215;1;25
5216;1;25
5217;1;25
5218;1;25
5219;1;25
5220;1;25
5221;1;25
5222;1;25
5223;1;25
5224;1;25
5225;1;25
5226;1;25
5227;1;25
5228;1;25
5229;1;25
5230;1;25
5231;1;25
5232;1;25
5233;1;25
5234;1;25
5235;1;25
5236;1;25
5237;1;25
5238;1;25
5239;1;25
5240;1;25
5241;1;25
5242;1;25
5243;1;25
5244;1;25
5245;1;25
5246;1;25
5247;1;25
5248;1;25
5249;1;25
5250;1;25
5251;1;25
5252;1;25
5253;1;25
5254;1;25
5255;1;25
5256;1;25
5257;1;25
5258;1;25
5259;1;25
5260;1;25
5261;1;25
5262;1;25
5263;1;25
5264;1;25
5265;1;25
5266;1;25
5267;1;25
5268;1;25
5269;1;25
5270;1;25
5271;1;25
5272;1;25
5273;1;25
5274;1;25
5275;1;25
5276;1;25
5277;1;25
5278;1;25
5279;1;25
5280;1;25
5281;1;25
5282;1;25
5283;1;25
5284;1;25
5285;1;25
5286;1;25
5287;1;25
5288;1;25
5289;1;25
5290;1;25
5291;1;25
5292;1;25
5293;1;25
5294;1;25
5295;1;25
5296;1;25
5297;1;25
5298;1;25
5299;1;25
5300;1;25
5301;1;25
5302;1;25
5303;1;25
5304;1;25
5305;1;25
5306;1;25
5307;1;25
5308;1;25
5309;1;25
5310;1;25
5311;1;25
5312;1;25
5313;1;25
5314;1;25
5315;1;25
5316;1;25
5317;1;25
5318;1;25
5319;1;25
5320;1;25
5321;1;25
5322;1;25
5323;1;25
5324;1;25
5325;1;25
5326;1;25
5327;1;25
5328;1;25
5329;1;25
5330;1;25
5331;1;25
5332;1;25
5333;1;25
5334;1;25
5335;1;25
5336;1;25
5337;1;25
5338;1;25
5339;1;25
5340;1;25
5341;1;25
5342;1;25
5343;1;25
5344;1;25
5345;1;25
5346;1;25
5347;1;25
5348;1;25
5349;1;25
5350;1;25
5351;1;25
5352;1;25
5353;1;25
5354;1;25
5355;1;25
5356;1;25
5357;1;25
5358;1;25
5359;1;25
5360;1;25
5361;1;25
5362;1;25
5363;1;25
5364;1;25
5365;1;25
5366;1;25
5367;1;25
5368;1;25
5369;1;25
5370;1;25
5371;1;25
5372;1;25
5373;1;25
5374;1;25
5375;1;25
5376;1;25
5377;1;25
5378;1;25
5379;1;25
5380;1;25
5381;1;25
5382;1;25
5383;1;25
5384;1;25
5385;1;25
5386;1;25
5387;1;25
5388;1;25
5389;1;25
5390;1;25
5391;1;25
5392;1;25
5393;1;25
5394;1;25
5395;1;25
5396;1;25
5397;1;25
5398;1;25
5399;1;25
5400;1;25
5401;1;25
5402;1;25
5403;1;25
5404;1;25
5405;1;25
5406;1;25
5407;1;25
5408;1;25
5409;1;25
5410;1;25
5411;1;25
5412;1;25
5413;1;25
5414;1;25
5415;1;25
5416;1;25
5417;1;25
5418;1;25
5419;1;25
5420;1;25
5421;1;25
5422;1;25
5423;1;25
5424;1;25
5425;1;25
5426;1;25
5427;1;25
5428;1;25
5429;1;25
5430;1;25
5431;1;25
5432;1;25
5433;1;25
5434;1;25
5435;1;25
5436;1;25
5437;1;25
5438;1;25
5439;1;25
5440;1;25
5441;1;25
5442;1;25
5443;1;25
5444;1;25
5445;1;25
5446;1;25
5447;1;25
5448;1;25
5449;1;25
5450;1;25
5451;1;25
5452;1;25
5453;1;25
5454;1;25
5455;1;25
5456;1;25
5457;1;25
5458;1;25
5459;1;25
5460;1;25
5461;1;25
5462;1;25
5463;1;25
5464;1;25
5465;1;25
5466;1;25
5467;1;25
5468;1;25
5469;1;25
5470;1;25
5471;1;25
5472;1;25
5473;1;25
5474;1;25
5475;1;25
5476;1;25
5477;1;25
5478;1;25
5479;1;25
5480;1;25
5481;1;25
5482;1;25
5483;1;25
5484;1;25
5485;1;25
5486;1;25
5487;1;25
5488;1;25
5489;1;25
5490;1;25
5491;1;25
5492;1;25
5493;1;25
5494;1;25
5495;1;25
5496;1;25
5497;1;25
5498;1;25
5499;1;25
5500;1;25
5501;1;25
5502;1;25
5503;1;25
5504;1;25
5505;1;25
5506;1;25
5507;1;25
5508;1;25
5509;1;25
5510;1;25
5511;1;25
5512;1;25
5513;1;25
5514;1;25
5515;1;25
5516;1;25
5517;1;25
5518;1;25
5519;1;25
5520;1;25
5521;1;25
5522;1;25
5523;1;25
5524;1;25
5525;1;25
5526;1;25
5527;1;25
5528;1;25
5529;1;25
5530;1;25
5531;1;25
5532;1;25
5533;1;25
5534;1;25
5535;1;25
5536;1;25
5537;1;25
5538;1;25
5539;1;25
5540;1;25
5541;1;25
5542;1;25
5543;1;25
5544;1;25
5545;1;25
5546;1;25
5547;1;25
5548;1;25
5549;1;25
5550;1;25
5551;1;25
5552;1;25
5553;1;25
5554;1;25
5555;1;25
5556;1;25
5557;1;25
5558;1;25
5559;1;25
5560;1;25
5561;1;25
5562;1;25
5563;1;25
5564;1;25
5565;1;25
5566;1;25
5567;1;25
5568;1;25
5569;1;25
5570;1;25
5571;1;25
5572;1;25
5573;1;25
5574;1;25
5575;1;25
5576;1;25
5577;1;25
5578;1;25
5579;1;25
5580;1;25
5581;1;25
5582;1;25
5583;1;25
5584;1;25
5585;1;25
5586;1;25
5587;1;25
5588;1;25
5589;1;25
5590;1;25
5591;1;25
5592;1;25
5593;1;25
5594;1;25
5595;1;25
5596;1;25
5597;1;25
5598;1;25
5599;1;25
5600;1;25
5601;1;25
5602;1;25
5603;1;25
5604;1;25
5605;1;25
5606;1;25
5607;1;25
5608;1;25
5609;1;25
5610;1;25
5611;1;25
5612;1;25
5613;1;25
5614;1;25
5615;1;25
5616;1;25
5617;1;25
5618;1;25
5619;1;25
5620;1;25
5621;1;25
5622;1;25
5623;1;25
5624;1;25
5625;1;25
5626;1;25
5627;1;25
5628;1;25
5629;1;25
5630;1;25
5631;1;25
5632;1;25
5633;1;25
5634;1;25
5635;1;25
5636;1;25
5637;1;25
5638;1;25
5639;1;25
5640;1;25
5641;1;25
5642;1;25
5643;1;25
5644;1;25
5645;1;25
5646;1;25
5647;1;25
5648;1;25
5649;1;25
5650;1;25
5651;1;25
5652;1;25
5653;1;25
5654;1;25
5655;1;25
5656;1;25
5657;1;25
5658;1;25
5659;1;25
5660;1;25
5661;1;25
5662;1;25
5663;1;25
5664;1;25
5665;1;25
5666;1;25
5667;1;25
5668;1;25
5669;1;25
5670;1;25
5671;1;25
5672;1;25
5673;1;25
5674;1;25
5675;1;25
5676;1;25
5677;1;25
5678;1;25
5679;1;25
5680;1;25
5681;1;25
5682;1;25
5683;1;25
5684;1;25
5685;1;25
5686;1;25
5687;1;25
5688;1;25
5689;1;25
5690;1;25
5691;1;25
5692;1;25
5693;1;25
5694;1;25
5695;1;25
5696;1;25
5697;1;25
5698;1;25
5699;1;25
5700;1;25
5701;1;25
5702;1;25
5703;1;25
5704;1;25
5705;1;25
5706;1;25
5707;1;25
5708;1;25
5709;1;25
5710;1;25
5711;1;25
5712;1;25
5713;1;25
5714;1;25
5715;1;25
5716;1;25
5717;1;25
5718;1;25
5719;1;25
5720;1;25
5721;1;25
5722;1;25
5723;1;25
5724;1;25
5725;1;25
5726;1;25
5727;1;25
5728;1;25
5729;1;25
5730;1;25
5731;1;25
5732;1;25
5733;1;25
5734;1;25
5735;1;25
5736;1;25
5737;1;25
5738;1;25
5739;1;25
5740;1;25
5741;1;25
5742;1;25
5743;1;25
5744;1;25
5745;1;25
5746;1;25
5747;1;25
5748;1;25
5749;1;25
5750;1;25
5751;1;25
5752;1;25
5753;1;25
5754;1;25
5755;1;25
5756;1;25
5757;1;25
5758;1;25
5759;1;25
5760;1;25
5761;1;25
5762;1;25
5763;1;25
5764;1;25
5765;1;25
5766;1;25
5767;1;25
5768;1;25
5769;1;25
5770;1;25
5771;1;25
5772;1;25
5773;1;25
5774;1;25
5775;1;25
5776;1;25
5777;1;25
5778;1;25
5779;1;25
5780;1;25
5781;1;25
5782;1;25
5783;1;25
5784;1;25
5785;1;25
5786;1;25
5787;1;25
5788;1;25
5789;1;25
5790;1;25
5791;1;25
5792;1;25
5793;1;25
5794;1;25
5795;1;25
5796;1;25
5797;1;25
5798;1;25
5799;1;25
5800;1;25
5801;1;25
5802;1;25
5803;1;25
5804;1;25
5805;1;25
5806;1;25
5807;1;25
5808;1;25
5809;1;25
5810;1;25
5811;1;25
5812;1;25
5813;1;25
5814;1;25
5815;1;25
5816;1;25
5817;1;25
5818;1;25
5819;1;25
5820;1;25
5821;1;25
5822;1;25
5823;1;25
5824;1;25
5825;1;25
5826;1;25
5827;1;25
5828;1;25
5829;1;25
5830;1;25
5831;1;25
5832;1;25
5833;1;25
5834;1;25
5835;1;25
5836;1;25
5837;1;25
5838;1;25
5839;1;25
5840;1;25
5841;1;25
5842;1;25
5843;1;25
5844;1;25
5845;1;25
5846;1;25
5847;1;25
5848;1;25
5849;1;25
5850;1;25
5851;1;25
5852;1;25
5853;1;25
5854;1;25
5855;1;25
5856;1;25
5857;1;25
5858;1;25
5859;1;25
5860;1;25
5861;1;25
5862;1;25
5863;1;25
5864;1;25
5865;1;25
5866;1;25
5867;1;25
5868;1;25
5869;1;25
5870;1;25
5871;1;25
5872;1;25
5873;1;25
5874;1;25
5875;1;25
5876;1;25
5877;1;25
5878;1;25
5879;1;25
5880;1;25
5881;1;25
5882;1;25
5883;1;25
5884;1;25
5885;1;25
5886;1;25
5887;1;25
5888;1;25
5889;1;25
5890;1;25
5891;1;25
5892;1;25
5893;1;25
5894;1;25
5895;1;25
5896;1;25
5897;1;25
5898;1;25
5899;1;25
5900;1;25
5901;1;25
5902;1;25
5903;1;25
5904;1;25
5905;1;25
5906;1;25
5907;1;25
5908;1;25
5909;1;25
5910;1;25
5911;1;25
5912;1;25
5913;1;25
5914;1;25
5915;1;25
5916;1;25
5917;1;25
5918;1;25
5919;1;25
5920;1;25
5921;1;25
5922;1;25
5923;1;25
5924;1;25
5925;1;25
5926;1;25
5927;1;25
5928;1;25
5929;1;25
5930;1;25
5931;1;25
5932;1;25
5933;1;25
5934;1;25
5935;1;25
5936;1;25
5937;1;25
5938;1;25
5939;1;25
5940;1;25
5941;1;25
5942;1;25
5943;1;25
5944;1;25
5945;1;25
5946;1;25
5947;1;25
5948;1;25
5949;1;25
5950;1;25
5951;1;25
5952;1;25
5953;1;25
5954;1;25
5955;1;25
5956;1;25
5957;1;25
5958;1;25
5959;1;25
5960;1;25
5961;1;25
5962;1;25
5963;1;25
5964;1;25
5965;1;25
5966;1;25
5967;1;25
5968;1;25
5969;1;25
5970;1;25
5971;1;25
5972;1;25
5973;1;25
5974;1;25
5975;1;25
5976;1;25
5977;1;25
5978;1;25
5979;1;25
5980;1;25
5981;1;25
5982;1;25
5983;1;25
5984;1;25
5985;1;25
5986;1;25
5987;1;25
5988;1;25
5989;1;25
5990;1;25
5991;1;25
5992;1;25
5993;1;25
5994;1;25
5995;1;25
5996;1;25
5997;1;25
5998;1;25
5999;1;25
6000;1;25
6001;1;25
6002;1;25
6003;1;25
6004;1;25
6005;1;25
6006;1;25
6007;1;25
6008;1;25
6009;1;25
6010;1;25
6011;1;25
6012;1;25
6013;1;25
6014;1;25
6015;1;25
6016;1;25
6017;1;25
6018;1;25
6019;1;25
6020;1;25
6021;1;25
6022;1;25
6023;1;25
6024;1;25
6025;1;25
6026;1;25
6027;1;25
6028;1;25
6029;1;25
6030;1;25
6031;1;25
6032;1;25
6033;1;25
6034;1;25
6035;1;25
6036;1;25
6037;1;25
6038;1;25
6039;1;25
6040;1;25
6041;1;25
6042;1;25
6043;1;25
6044;1;25
6045;1;25
6046;1;25
6047;1;25
6048;1;25
6049;1;25
6050;1;25
6051;1;25
6052;1;25
6053;1;25
6054;1;25
6055;1;25
6056;1;25
6057;1;25
6058;1;25
6059;1;25
6060;1;25
6061;1;25
6062;1;25
6063;1;25
6064;1;25
6065;1;25
6066;1;25
6067;1;25
6068;1;25
6069;1;25
6070;1;25
6071;1;25
6072;1;25
6073;1;25
6074;1;25
6075;1;25
6076;1;25
6077;1;25
6078;1;25
6079;1;25
6080;1;25
6081;1;25
6082;1;25
6083;1;25
6084;1;25
6085;1;25
6086;1;25
6087;1;25
6088;1;25
6089;1;25
6090;1;25
6091;1;25
6092;1;25
6093;1;25
6094;1;25
6095;1;25
6096;1;25
6097;1;25
6098;1;25
6099;1;25
6100;1;25
6101;1;25
6102;1;25
6103;1;25
6104;1;25
6105;1;25
6106;1;25
6107;1;25
6108;1;25
6109;1;25
6110;1;25
6111;1;25
6112;1;25
6113;1;25
6114;1;25
6115;1;25
6116;1;25
6117;1;25
6118;1;25
6119;1;25
6120;1;25
6121;1;25
6122;1;25
6123;1;25
6124;1;25
6125;1;25
6126;1;25
6127;1;25
6128;1;25
6129;1;25
6130;1;25
6131;1;25
6132;1;25
6133;1;25
6134;1;25
6135;1;25
6136;1;25
6137;1;25
6138;1;25
6139;1;25
6140;1;25
6141;1;25
6142;1;25
6143;1;25
6144;1;25
6145;1;25
6146;1;25
6147;1;25
6148;1;25
6149;1;25
6150;1;25
6151;1;25
6152;1;25
6153;1;25
6154;1;25
6155;1;25
6156;1;25
6157;1;25
6158;1;25
6159;1;25
6160;1;25
6161;1;25
6162;1;25
6163;1;25
6164;1;25
6165;1;25
6166;1;25
6167;1;25
6168;1;25
6169;1;25
6170;1;25
6171;1;25
6172;1;25
6173;1;25
6174;1;25
6175;1;25
6176;1;25
6177;1;25
6178;1;25
6179;1;25
6180;1;25
6181;1;25
6182;1;25
6183;1;25
6184;1;25
6185;1;25
6186;1;25
6187;1;25
6188;1;25
6189;1;25
6190;1;25
6191;1;25
6192;1;25
6193;1;25
6194;1;25
6195;1;25
6196;1;25
6197;1;25
6198;1;25
6199;1;25
6200;1;25
6201;1;25
6202;1;25
6203;1;25
6204;1;25
6205;1;25
6206;1;25
6207;1;25
6208;1;25
6209;1;25
6210;1;25
6211;1;25
6212;1;25
6213;1;25
6214;1;25
6215;1;25
6216;1;25
6217;1;25
6218;1;25
6219;1;25
6220;1;25
6221;1;25
6222;1;25
6223;1;25
6224;1;25
6225;1;25
6226;1;25
6227;1;25
6228;1;25
6229;1;25
6230;1;25
6231;1;25
6232;1;25
6233;1;25
6234;1;25
6235;1;25
6236;1;25
6237;1;25
6238;1;25
6239;1;25
6240;1;25
6241;1;25
6242;1;25
6243;1;25
6244;1;25
6245;1;25
6246;1;25
6247;1;25
6248;1;25
6249;1;25
6250;1;25
6251;1;25
6252;1;25
6253;1;25
6254;1;25
6255;1;25
6256;1;25
6257;1;25
6258;1;25
6259;1;25
6260;1;25
6261;1;25
6262;1;25
6263;1;25
6264;1;25
6265;1;25
6266;1;25
6267;1;25
6268;1;25
6269;1;25
6270;1;25
6271;1;25
6272;1;25
6273;1;25
6274;1;25
6275;1;25
6276;1;25
6277;1;25
6278;1;25
6279;1;25
6280;1;25
6281;1;25
6282;1;25
6283;1;25
6284;1;25
6285;1;25
6286;1;25
6287;1;25
6288;1;25
6289;1;25
6290;1;25
6291;1;25
6292;1;25
6293;1;25
6294;1;25
6295;1;25
6296;1;25
6297;1;25
6298;1;25
6299;1;25
6300;1;25
6301;1;25
6302;1;25
6303;1;25
6304;1;25
6305;1;25
6306;1;25
6307;1;25
6308;1;25
6309;1;25
6310;1;25
6311;1;25
6312;1;25
6313;1;25
6314;1;25
6315;1;25
6316;1;25
6317;1;25
6318;1;25
6319;1;25
6320;1;25
6321;1;25
6322;1;25
6323;1;25
6324;1;25
6325;1;25
6326;1;25
6327;1;25
6328;1;25
6329;1;25
6330;1;25
6331;1;25
6332;1;25
6333;1;25
6334;1;25
6335;1;25
6336;1;25
6337;1;25
6338;1;25
6339;1;25
6343;1;25
6344;1;25
6345;1;25
6346;1;25
6347;1;25
6349;1;25
6350;1;25
6351;1;25
6352;1;25
6355;1;25
6356;1;25
6357;1;25
6359;1;25
6360;1;25
6361;1;25
6362;1;25
6363;1;25
6364;1;25
6365;1;25
6366;1;25
6367;1;25
6368;1;25
6369;1;25
6370;1;25
6371;1;25
6372;1;25
6373;1;25
6375;1;25
6376;1;25
6377;1;25
6378;1;25
6379;1;25
6380;1;25
6381;1;25
6382;1;25
6383;1;25
6384;1;25
6385;1;25
6386;1;25
6387;1;25
6388;1;25
6389;1;25
6390;1;25
6391;1;25
6392;1;25
6393;1;25
6394;1;25
6395;1;25
6396;1;25
6397;1;25
6398;1;25
6399;1;25
6400;1;25
6401;1;25
6402;1;25
6403;1;25
6404;1;25
6405;1;25
6406;1;25
6407;1;25
6408;1;25
6409;1;25
6410;1;25
6411;1;25
6412;1;25
6413;1;25
6414;1;25
6415;1;25
6416;1;25
6417;1;25
6418;1;25
6419;1;25
6420;1;25
6421;1;25
6422;1;25
6423;1;25
6424;1;25
6425;1;25
6426;1;25
6427;1;25
6428;1;25
6429;1;25
6430;1;25
6431;1;25
6432;1;25
6433;1;25
6434;1;25
6435;1;25
6436;1;25
6437;1;25
6438;1;25
6439;1;25
6440;1;25
6441;1;25
6442;1;25
6443;1;25
6444;1;25
6445;1;25
6446;1;25
6447;1;25
6448;1;25
6449;1;25
6450;1;25
6451;1;25
6452;1;25
6453;1;25
6454;1;25
6455;1;25
6456;1;25
6457;1;25
6458;1;25
6459;1;25
6460;1;25
6461;1;25
6462;1;25
6463;1;25
6464;1;25
6465;1;25
6466;1;25
6467;1;25
6468;1;25
6469;1;25
6470;1;25
6471;1;25
6472;1;25
6473;1;25
6474;1;25
6475;1;25
6476;1;25
6477;1;25
6478;1;25
6479;1;25
6480;1;25
6481;1;25
6482;1;25
6483;1;25
6484;1;25
6485;1;25
6486;1;25
6487;1;25
6488;1;25
6489;1;25
6490;1;25
6491;1;25
6492;1;25
6493;1;25
6494;1;25
6495;1;25
6496;1;25
6497;1;25
6498;1;25
6499;1;25
6500;1;25
6501;1;25
6502;1;25
6503;1;25
6504;1;25
6505;1;25
6506;1;25
6507;1;25
6508;1;25
6509;1;25
6510;1;25
6511;1;25
6512;1;25
6513;1;25
6514;1;25
6515;1;25
6516;1;25
6517;1;25
6518;1;25
6519;1;25
6520;1;25
6521;1;25
6522;1;25
6523;1;25
6524;1;25
6525;1;25
6526;1;25
6527;1;25
6528;1;25
6529;1;25
6530;1;25
6531;1;25
6532;1;25
6533;1;25
6534;1;25
6535;1;25
6536;1;25
6537;1;25
6538;1;25
6539;1;25
6540;1;25
6541;1;25
6542;1;25
6543;1;25
6544;1;25
6545;1;25
6546;1;25
6547;1;25
6548;1;25
6549;1;25
6550;1;25
6551;1;25
6552;1;25
6553;1;25
6554;1;25
6555;1;25
6556;1;25
6557;1;25
6558;1;25
6559;1;25
6560;1;25
6561;1;25
6562;1;25
6563;1;25
6564;1;25
6565;1;25
6566;1;25
6567;1;25
6568;1;25
6569;1;25
6570;1;25
6571;1;25
6572;1;25
6573;1;25
6574;1;25
6575;1;25
6576;1;25
6577;1;25
6578;1;25
6579;1;25
6580;1;25
6581;1;25
6582;1;25
6583;1;25
6584;1;25
6585;1;25
6586;1;25
6587;1;25
6588;1;25
6589;1;25
6591;1;25
6592;1;25
6593;1;25
6594;1;25
6595;1;25
6596;1;25
6597;1;25
6598;1;25
6599;1;25
6600;1;25
6601;1;25
6602;1;25
6603;1;25
6604;1;25
6605;1;25
6606;1;25
6607;1;25
6608;1;25
6609;1;25
6610;1;25
6611;1;25
6612;1;25
6613;1;25
6614;1;25
6615;1;25
6616;1;25
6617;1;25
6618;1;25
6619;1;25
6620;1;25
6621;1;25
6622;1;25
6623;1;25
6624;1;25
6625;1;25
6626;1;25
6627;1;25
6628;1;25
6629;1;25
6630;1;25
6631;1;25
6632;1;25
6633;1;25
6634;1;25
6635;1;25
6636;1;25
6637;1;25
6638;1;25
6639;1;25
6640;1;25
6641;1;25
6642;1;25
6643;1;25
6644;1;25
6645;1;25
6646;1;25
6647;1;25
6648;1;25
6649;1;25
6650;1;25
6651;1;25
6652;1;25
6653;1;25
6654;1;25
6655;1;25
6656;1;25
6657;1;25
6658;1;25
6659;1;25
6660;1;25
6661;1;25
6662;1;25
6663;1;25
6664;1;25
6665;1;25
6666;1;25
6667;1;25
6668;1;25
6669;1;25
6670;1;25
6671;1;25
6672;1;25
6673;1;25
6674;1;25
6675;1;25
6676;1;25
6677;1;25
6678;1;25
6679;1;25
6680;1;25
6681;1;25
6682;1;25
6683;1;25
6684;1;25
6685;1;25
6686;1;25
6687;1;25
6688;1;25
6689;1;25
6690;1;25
6691;1;25
6692;1;25
6693;1;25
6694;1;25
6695;1;25
6696;1;25
6697;1;25
6698;1;25
6699;1;25
6700;1;25
6701;1;25
6702;1;25
6703;1;25
6704;1;25
6705;1;25
6706;1;25
6707;1;25
6708;1;25
6709;1;25
6710;1;25
6711;1;25
6712;1;25
6713;1;25
6714;1;25
6715;1;25
6716;1;25
6717;1;25
6718;1;25
6719;1;25
6720;1;25
6721;1;25
6722;1;25
6723;1;25
6724;1;25
6725;1;25
6726;1;25
6727;1;25
6728;1;25
6729;1;25
6730;1;25
6731;1;25
6732;1;25
6733;1;25
6734;1;25
6735;1;25
6736;1;25
6737;1;25
6738;1;25
6739;1;25
6740;1;25
6741;1;25
6742;1;25
6743;1;25
6744;1;25
6745;1;25
6746;1;25
6747;1;25
6748;1;25
6749;1;25
6750;1;25
6751;1;25
6752;1;25
6753;1;25
6754;1;25
6755;1;25
6756;1;25
6757;1;25
6758;1;25
6759;1;25
6760;1;25
6761;1;25
6762;1;25
6763;1;25
6764;1;25
6765;1;25
6766;1;25
6767;1;25
6768;1;25
6769;1;25
6770;1;25
6771;1;25
6772;1;25
6773;1;25
6774;1;25
6775;1;25
6776;1;25
6777;1;25
6778;1;25
6779;1;25
6780;1;25
6781;1;25
6782;1;25
6783;1;25
6784;1;25
6785;1;25
6786;1;25
6787;1;25
6788;1;25
6789;1;25
6790;1;25
6791;1;25
6792;1;25
6793;1;25
6794;1;25
6795;1;25
6796;1;25
6797;1;25
6798;1;25
6799;1;25
6800;1;25
6801;1;25
6802;1;25
6803;1;25
6804;1;25
6805;1;25
6806;1;25
6807;1;25
6808;1;25
6809;1;25
6810;1;25
6811;1;25
6812;1;25
6813;1;25
6814;1;25
6815;1;25
6816;1;25
6817;1;25
6818;1;25
6819;1;25
6820;1;25
6821;1;25
6822;1;25
6823;1;25
6824;1;25
6825;1;25
6826;1;25
6827;1;25
6828;1;25
6829;1;25
6830;1;25
6831;1;25
6832;1;25
6833;1;25
6834;1;25
6835;1;25
6836;1;25
6837;1;25
6838;1;25
6839;1;25
6840;1;25
6841;1;25
6842;1;25
6843;1;25
6844;1;25
6845;1;25
6846;1;25
6847;1;25
6848;1;25
6849;1;25
6850;1;25
6851;1;25
6852;1;25
6853;1;25
6854;1;25
6855;1;25
6856;1;25
6857;1;25
6858;1;25
6859;1;25
6860;1;25
6861;1;25
6862;1;25
6863;1;25
6864;1;25
6865;1;25
6866;1;25
6867;1;25
6868;1;25
6869;1;25
6870;1;25
6871;1;25
6872;1;25
6873;1;25
6874;1;25
6875;1;25
6876;1;25
6877;1;25
6878;1;25
6879;1;25
6880;1;25
6881;1;25
6882;1;25
6883;1;25
6884;1;25
6885;1;25
6886;1;25
6887;1;25
6888;1;25
6889;1;25
6890;1;25
6891;1;25
6892;1;25
6893;1;25
6894;1;25
6895;1;25
6896;1;25
6897;1;25
6898;1;25
6899;1;25
6900;1;25
6901;1;25
6902;1;25
6903;1;25
6904;1;25
6905;1;25
6906;1;25
6907;1;25
6908;1;25
6909;1;25
6910;1;25
6911;1;25
6912;1;25
6913;1;25
6914;1;25
6915;1;25
6916;1;25
6917;1;25
6918;1;25
6919;1;25
6920;1;25
6921;1;25
6922;1;25
6923;1;25
6924;1;25
6925;1;25
6926;1;25
6927;1;25
6928;1;25
6929;1;25
6930;1;25
6931;1;25
6932;1;25
6933;1;25
6934;1;25
6935;1;25
6936;1;25
6937;1;25
6938;1;25
6939;1;25
6940;1;25
6941;1;25
6942;1;25
6943;1;25
6944;1;25
6945;1;25
6946;1;25
6947;1;25
6948;1;25
6949;1;25
6950;1;25
6951;1;25
6952;1;25
6953;1;25
6954;1;25
6955;1;25
6956;1;25
6957;1;25
6958;1;25
6959;1;25
6960;1;25
6961;1;25
6962;1;25
6963;1;25
6964;1;25
6965;1;25
6966;1;25
6967;1;25
6968;1;25
6969;1;25
6970;1;25
6971;1;25
6972;1;25
6973;1;25
6974;1;25
6975;1;25
6976;1;25
6977;1;25
6978;1;25
6979;1;25
6980;1;25
6981;1;25
6982;1;25
6983;1;25
6984;1;25
6985;1;25
6986;1;25
6987;1;25
6988;1;25
6989;1;25
6990;1;25
6991;1;25
6992;1;25
6993;1;25
6994;1;25
6995;1;25
6996;1;25
6997;1;25
6998;1;25
6999;1;25
7000;1;25
7001;1;25
7002;1;25
7003;1;25
7004;1;25
7005;1;25
7006;1;25
7007;1;25
7008;1;25
7009;1;25
7010;1;25
7011;1;25
7012;1;25
7013;1;25
7014;1;25
7015;1;25
7016;1;25
7017;1;25
7018;1;25
7019;1;25
7020;1;25
7021;1;25
7022;1;25
7023;1;25
7024;1;25
7025;1;25
7026;1;25
7027;1;25
7028;1;25
7029;1;25
7030;1;25
7031;1;25
7032;1;25
7033;1;25
7034;1;25
7035;1;25
7036;1;25
7037;1;25
7038;1;25
7039;1;25
7040;1;25
7041;1;25
7042;1;25
7043;1;25
7044;1;25
7045;1;25
7046;1;25
7047;1;25
7048;1;25
7049;1;25
7050;1;25
7051;1;25
7052;1;25
7053;1;25
7054;1;25
7055;1;25
7056;1;25
7057;1;25
7058;1;25
7059;1;25
7060;1;25
7061;1;25
7062;1;25
7063;1;25
7064;1;25
7065;1;25
7066;1;25
7067;1;25
7068;1;25
7069;1;25
7070;1;25
7071;1;25
7072;1;25
7073;1;25
7074;1;25
7075;1;25
7076;1;25
7077;1;25
7078;1;25
7079;1;25
7080;1;25
7081;1;25
7082;1;25
7083;1;25
7084;1;25
7085;1;25
7086;1;25
7087;1;25
7088;1;25
7089;1;25
7090;1;25
7091;1;25
7092;1;25
7093;1;25
7094;1;25
7095;1;25
7096;1;25
7097;1;25
7098;1;25
7099;1;25
7100;1;25
7101;1;25
7102;1;25
7103;1;25
7104;1;25
7105;1;25
7106;1;25
7107;1;25
7108;1;25
7109;1;25
7110;1;25
7111;1;25
7112;1;25
7113;1;25
7114;1;25
7115;1;25
7116;1;25
7117;1;25
7118;1;25
7119;1;25
7120;1;25
7121;1;25
7122;1;25
7123;1;25
7124;1;25
7125;1;25
7126;1;25
7127;1;25
7128;1;25
7129;1;25
7130;1;25
7131;1;25
7132;1;25
7133;1;25
7134;1;25
7135;1;25
7136;1;25
7137;1;25
7138;1;25
7139;1;25
7140;1;25
7141;1;25
7142;1;25
7143;1;25
7144;1;25
7145;1;25
7146;1;25
7147;1;25
7148;1;25
7149;1;25
7150;1;25
7151;1;25
7152;1;25
7153;1;25
7154;1;25
7155;1;25
7156;1;25
7157;1;25
7158;1;25
7159;1;25
7160;1;25
7161;1;25
7162;1;25
7163;1;25
7164;1;25
7165;1;25
7166;1;25
7167;1;25
7168;1;25
7169;1;25
7170;1;25
7171;1;25
7172;1;25
7173;1;25
7174;1;25
7175;1;25
7176;1;25
7177;1;25
7178;1;25
7179;1;25
7180;1;25
7181;1;25
7182;1;25
7183;1;25
7184;1;25
7185;1;25
7186;1;25
7187;1;25
7188;1;25
7189;1;25
7190;1;25
7191;1;25
7192;1;25
7193;1;25
7194;1;25
7195;1;25
7196;1;25
7197;1;25
7198;1;25
7199;1;25
7200;1;25
7201;1;25
7202;1;25
7203;1;25
7204;1;25
7205;1;25
7206;1;25
7207;1;25
7208;1;25
7209;1;25
7210;1;25
7211;1;25
7212;1;25
7213;1;25
7214;1;25
7215;1;25
7216;1;25
7217;1;25
7218;1;25
7219;1;25
7220;1;25
7221;1;25
7222;1;25
7223;1;25
7224;1;25
7225;1;25
7226;1;25
7227;1;25
7228;1;25
7229;1;25
7230;1;25
7231;1;25
7232;1;25
7233;1;25
7234;1;25
7235;1;25
7236;1;25
7237;1;25
7238;1;25
7239;1;25
7240;1;25
7241;1;25
7242;1;25
7243;1;25
7244;1;25
7245;1;25
7246;1;25
7247;1;25
7248;1;25
7249;1;25
7250;1;25
7251;1;25
7252;1;25
7253;1;25
7254;1;25
7255;1;25
7256;1;25
7257;1;25
7258;1;25
7259;1;25
7260;1;25
7261;1;25
7262;1;25
7263;1;25
7264;1;25
7265;1;25
7266;1;25
7267;1;25
7268;1;25
7269;1;25
7270;1;25
7271;1;25
7272;1;25
7273;1;25
7274;1;25
7275;1;25
7276;1;25
7277;1;25
7278;1;25
7279;1;25
7280;1;25
7281;1;25
7282;1;25
7283;1;25
7284;1;25
7285;1;25
7286;1;25
7287;1;25
7288;1;25
7289;1;25
7290;1;25
7291;1;25
7292;1;25
7293;1;25
7294;1;25
7295;1;25
7296;1;25
7297;1;25
7298;1;25
7299;1;25
7300;1;25
7301;1;25
7302;1;25
7303;1;25
7304;1;25
7305;1;25
7306;1;25
7307;1;25
7308;1;25
7309;1;25
7310;1;25
7311;1;25
7312;1;25
7313;1;25
7314;1;25
7315;1;25
7316;1;25
7317;1;25
7318;1;25
7319;1;25
7320;1;25
7321;1;25
7322;1;25
7323;1;25
7324;1;25
7325;1;25
7326;1;25
7327;1;25
7328;1;25
7329;1;25
7330;1;25
7331;1;25
7332;1;25
7333;1;25
7334;1;25
7335;1;25
7336;1;25
7337;1;25
7338;1;25
7339;1;25
7340;1;25
7341;1;25
7342;1;25
7343;1;25
7344;1;25
7345;1;25
7346;1;25
7347;1;25
7348;1;25
7349;1;25
7350;1;25
7351;1;25
7352;1;25
7353;1;25
7354;1;25
7355;1;25
7356;1;25
7357;1;25
7358;1;25
7359;1;25
7360;1;25
7361;1;25
7362;1;25
7363;1;25
7364;1;25
7365;1;25
7366;1;25
7367;1;25
7368;1;25
7369;1;25
7370;1;25
7371;1;25
7372;1;25
7373;1;25
7374;1;25
7375;1;25
7376;1;25
7377;1;25
7378;1;25
7379;1;25
7380;1;25
7381;1;25
7382;1;25
7383;1;25
7384;1;25
7385;1;25
7386;1;25
7387;1;25
7388;1;25
7389;1;25
7390;1;25
7391;1;25
7392;1;25
7393;1;25
7394;1;25
7395;1;25
7396;1;25
7397;1;25
7398;1;25
7399;1;25
7400;1;25
7401;1;25
7402;1;25
7403;1;25
7404;1;25
7405;1;25
7406;1;25
7407;1;25
7408;1;25
7409;1;25
7410;1;25
7411;1;25
7412;1;25
7413;1;25
7414;1;25
7415;1;25
7416;1;25
7417;1;25
7418;1;25
7419;1;25
7420;1;25
7421;1;25
7422;1;25
7423;1;25
7424;1;25
7425;1;25
7426;1;25
7427;1;25
7428;1;25
7429;1;25
7430;1;25
7431;1;25
7432;1;25
7433;1;25
7434;1;25
7435;1;25
7436;1;25
7437;1;25
7438;1;25
7439;1;25
7440;1;25
7441;1;25
7442;1;25
7443;1;25
7444;1;25
7445;1;25
7446;1;25
7447;1;25
7448;1;25
7449;1;25
7450;1;25
7451;1;25
7452;1;25
7453;1;25
7454;1;25
7455;1;25
7456;1;25
7457;1;25
7458;1;25
7459;1;25
7460;1;25
7461;1;25
7462;1;25
7463;1;25
7464;1;25
7465;1;25
7466;1;25
7467;1;25
7468;1;25
7469;1;25
7470;1;25
7471;1;25
7472;1;25
7473;1;25
7474;1;25
7475;1;25
7476;1;25
7477;1;25
7478;1;25
7479;1;25
7480;1;25
7481;1;25
7482;1;25
7483;1;25
7484;1;25
7485;1;25
7486;1;25
7487;1;25
7488;1;25
7489;1;25
7490;1;25
7491;1;25
7492;1;25
7493;1;25
7494;1;25
7495;1;25
7496;1;25
7497;1;25
7498;1;25
7499;1;25
7500;1;25
7501;1;25
7502;1;25
7503;1;25
7504;1;25
7505;1;25
7506;1;25
7507;1;25
7508;1;25
7509;1;25
7510;1;25
7511;1;25
7512;1;25
7513;1;25
7514;1;25
7515;1;25
7516;1;25
7517;1;25
7518;1;25
7519;1;25
7520;1;25
7521;1;25
7522;1;25
7523;1;25
7524;1;25
7525;1;25
7526;1;25
7527;1;25
7528;1;25
7529;1;25
7530;1;25
7531;1;25
7532;1;25
7533;1;25
7534;1;25
7535;1;25
7536;1;25
7537;1;25
7538;1;25
7539;1;25
7540;1;25
7541;1;25
7542;1;25
7543;1;25
7544;1;25
7545;1;25
7546;1;25
7547;1;25
7548;1;25
7549;1;25
7550;1;25
7551;1;25
7552;1;25
7553;1;25
7554;1;25
7555;1;25
7556;1;25
7557;1;25
7558;1;25
7559;1;25
7560;1;25
7561;1;25
7562;1;25
7563;1;25
7564;1;25
7565;1;25
7566;1;25
7567;1;25
7568;1;25
7569;1;25
7570;1;25
7571;1;25
7572;1;25
7573;1;25
7574;1;25
7575;1;25
7576;1;25
7577;1;25
7578;1;25
7579;1;25
7580;1;25
7581;1;25
7582;1;25
7583;1;25
7584;1;25
7585;1;25
7586;1;25
7587;1;25
7588;1;25
7589;1;25
7590;1;25
7591;1;25
7592;1;25
7593;1;25
7594;1;25
7595;1;25
7596;1;25
7597;1;25
7598;1;25
7599;1;25
7600;1;25
7601;1;25
7602;1;25
7603;1;25
7604;1;25
7605;1;25
7606;1;25
7607;1;25
7608;1;25
7609;1;25
7610;1;25
7611;1;25
7612;1;25
7613;1;25
7614;1;25
7615;1;25
7616;1;25
7617;1;25
7618;1;25
7619;1;25
7620;1;25
7621;1;25
7622;1;25
7623;1;25
7624;1;25
7625;1;25
7626;1;25
7627;1;25
7628;1;25
7629;1;25
7630;1;25
7631;1;25
7632;1;25
7633;1;25
7634;1;25
7635;1;25
7636;1;25
7637;1;25
7638;1;25
7639;1;25
7640;1;25
7641;1;25
7642;1;25
7643;1;25
7644;1;25
7645;1;25
7646;1;25
7647;1;25
7648;1;25
7649;1;25
7650;1;25
7651;1;25
7652;1;25
7653;1;25
7654;1;25
7655;1;25
7656;1;25
7657;1;25
7658;1;25
7659;1;25
7660;1;25
7661;1;25
7662;1;25
7663;1;25
7664;1;25
7665;1;25
7666;1;25
7667;1;25
7668;1;25
7669;1;25
7670;1;25
7671;1;25
7672;1;25
7673;1;25
7674;1;25
7675;1;25
7676;1;25
7677;1;25
7678;1;25
7679;1;25
7680;1;25
7681;1;25
7682;1;25
7683;1;25
7684;1;25
7685;1;25
7686;1;25
7687;1;25
7688;1;25
7689;1;25
7690;1;25
7691;1;25
7692;1;25
7693;1;25
7694;1;25
7695;1;25
7696;1;25
7697;1;25
7698;1;25
7699;1;25
7700;1;25
7701;1;25
7702;1;25
7703;1;25
7704;1;25
7705;1;25
7706;1;25
7707;1;25
7708;1;25
7709;1;25
7710;1;25
7711;1;25
7712;1;25
7713;1;25
7714;1;25
7715;1;25
7716;1;25
7717;1;25
7718;1;25
7719;1;25
7720;1;25
7721;1;25
7722;1;25
7723;1;25
7724;1;25
7725;1;25
7726;1;25
7727;1;25
7728;1;25
7729;1;25
7730;1;25
7731;1;25
7732;1;25
7733;1;25
7734;1;25
7735;1;25
7736;1;25
7737;1;25
7738;1;25
7739;1;25
7740;1;25
7741;1;25
7742;1;25
7743;1;25
7744;1;25
7745;1;25
7746;1;25
7747;1;25
7748;1;25
7749;1;25
7750;1;25
7751;1;25
7752;1;25
7753;1;25
7754;1;25
7755;1;25
7756;1;25
7757;1;25
7758;1;25
7759;1;25
7760;1;25
7761;1;25
7762;1;25
7763;1;25
7764;1;25
7765;1;25
7766;1;25
7767;1;25
7768;1;25
7769;1;25
7770;1;25
7771;1;25
7772;1;25
7773;1;25
7774;1;25
7775;1;25
7776;1;25
7777;1;25
7778;1;25
7779;1;25
7780;1;25
7781;1;25
7782;1;25
7783;1;25
7784;1;25
7785;1;25
7786;1;25
7787;1;25
7788;1;25
7789;1;25
7790;1;25
7791;1;25
7792;1;25
7793;1;25
7794;1;25
7795;1;25
7796;1;25
7797;1;25
7798;1;25
7799;1;25
7800;1;25
7801;1;25
7802;1;25
7803;1;25
7804;1;25
7805;1;25
7806;1;25
7807;1;25
7808;1;25
7809;1;25
7810;1;25
7811;1;25
7812;1;25
7813;1;25
7814;1;25
7815;1;25
7816;1;25
7817;1;25
7818;1;25
7819;1;25
7820;1;25
7821;1;25
7822;1;25
7823;1;25
7824;1;25
7825;1;25
7826;1;25
7827;1;25
7828;1;25
7829;1;25
7830;1;25
7831;1;25
7832;1;25
7833;1;25
7834;1;25
7835;1;25
7836;1;25
7837;1;25
7838;1;25
7839;1;25
7840;1;25
7841;1;25
7842;1;25
7843;1;25
7844;1;25
7845;1;25
7846;1;25
7847;1;25
7848;1;25
7849;1;25
7850;1;25
7851;1;25
7852;1;25
7853;1;25
7854;1;25
7855;1;25
7856;1;25
7857;1;25
7858;1;25
7859;1;25
7860;1;25
7861;1;25
7862;1;25
7863;1;25
7864;1;25
7865;1;25
7866;1;25
7867;1;25
7868;1;25
7869;1;25
7870;1;25
7871;1;25
7872;1;25
7873;1;25
7874;1;25
7875;1;25
7876;1;25
7877;1;25
7878;1;25
7879;1;25
7880;1;25
7881;1;25
7882;1;25
7883;1;25
7884;1;25
7885;1;25
7886;1;25
7887;1;25
7888;1;25
7889;1;25
7890;1;25
7891;1;25
7892;1;25
7893;1;25
7894;1;25
7895;1;25
7896;1;25
7897;1;25
7898;1;25
7899;1;25
7900;1;25
7901;1;25
7902;1;25
7903;1;25
7904;1;25
7905;1;25
7906;1;25
7907;1;25
7908;1;25
7909;1;25
7910;1;25
7911;1;25
7912;1;25
7913;1;25
7914;1;25
7915;1;25
7916;1;25
7917;1;25
7918;1;25
7919;1;25
7920;1;25
7921;1;25
7922;1;25
7923;1;25
7924;1;25
7925;1;25
7926;1;25
7927;1;25
7928;1;25
7929;1;25
7930;1;25
7931;1;25
7932;1;25
7933;1;25
7934;1;25
7935;1;25
7936;1;25
7937;1;25
7938;1;25
7939;1;25
7940;1;25
7941;1;25
7942;1;25
7943;1;25
7944;1;25
7945;1;25
7946;1;25
7947;1;25
7948;1;25
7949;1;25
7950;1;25
7951;1;25
7952;1;25
7953;1;25
7954;1;25
7955;1;25
7956;1;25
7957;1;25
7958;1;25
7959;1;25
7960;1;25
7961;1;25
7962;1;25
7963;1;25
7964;1;25
7965;1;25
7966;1;25
7967;1;25
7968;1;25
7969;1;25
7970;1;25
7971;1;25
7972;1;25
7973;1;25
7974;1;25
7975;1;25
7976;1;25
7977;1;25
7978;1;25
7979;1;25
7980;1;25
7981;1;25
7982;1;25
7983;1;25
7984;1;25
7985;1;25
7986;1;25
7987;1;25
7988;1;25
7989;1;25
7990;1;25
7991;1;25
7992;1;25
7993;1;25
7994;1;25
7995;1;25
7996;1;25
7997;1;25
7998;1;25
7999;1;25
8000;1;25
8001;1;25
8002;1;25
8003;1;25
8004;1;25
8005;1;25
8006;1;25
8007;1;25
8008;1;25
8009;1;25
8010;1;25
8011;1;25
8012;1;25
8013;1;25
8014;1;25
8015;1;25
8016;1;25
8017;1;25
8018;1;25
8019;1;25
8020;1;25
8021;1;25
8022;1;25
8023;1;25
8024;1;25
8025;1;25
8026;1;25
8027;1;25
8028;1;25
8029;1;25
8030;1;25
8031;1;25
8032;1;25
8033;1;25
8034;1;25
8035;1;25
8036;1;25
8037;1;25
8038;1;25
8039;1;25
8040;1;25
8041;1;25
8042;1;25
8043;1;25
8044;1;25
8045;1;25
8046;1;25
8047;1;25
8048;1;25
8049;1;25
8050;1;25
8051;1;25
8052;1;25
8053;1;25
8054;1;25
8055;1;25
8056;1;25
8057;1;25
8058;1;25
8059;1;25
8060;1;25
8061;1;25
8062;1;25
8063;1;25
8064;1;25
8065;1;25
8066;1;25
8067;1;25
8068;1;25
8069;1;25
8070;1;25
8071;1;25
8072;1;25
8073;1;25
8074;1;25
8075;1;25
8076;1;25
8077;1;25
8078;1;25
8079;1;25
8080;1;25
8081;1;25
8082;1;25
8083;1;25
8084;1;25
8085;1;25
8086;1;25
8087;1;25
8088;1;25
8089;1;25
8090;1;25
8091;1;25
8092;1;25
8093;1;25
8094;1;25
8095;1;25
8096;1;25
8097;1;25
8098;1;25
8099;1;25
8100;1;25
8101;1;25
8102;1;25
8103;1;25
8104;1;25
8105;1;25
8106;1;25
8107;1;25
8108;1;25
8109;1;25
8110;1;25
8111;1;25
8112;1;25
8113;1;25
8114;1;25
8115;1;25
8116;1;25
8117;1;25
8118;1;25
8119;1;25
8120;1;25
8121;1;25
8122;1;25
8123;1;25
8124;1;25
8125;1;25
8126;1;25
8127;1;25
8128;1;25
8129;1;25
8130;1;25
8131;1;25
8132;1;25
8133;1;25
8134;1;25
8135;1;25
8136;1;25
8137;1;25
8138;1;25
8139;1;25
8140;1;25
8141;1;25
8142;1;25
8143;1;25
8144;1;25
8145;1;25
8146;1;25
8147;1;25
8148;1;25
8149;1;25
8150;1;25
8151;1;25
8152;1;25
8153;1;25
8154;1;25
8155;1;25
8156;1;25
8157;1;25
8158;1;25
8159;1;25
8160;1;25
8161;1;25
8162;1;25
8163;1;25
8164;1;25
8165;1;25
8166;1;25
8167;1;25
8168;1;25
8169;1;25
8170;1;25
8171;1;25
8172;1;25
8173;1;25
8174;1;25
8175;1;25
8176;1;25
8177;1;25
8178;1;25
8179;1;25
8180;1;25
8181;1;25
8182;1;25
8183;1;25
8184;1;25
8185;1;25
8186;1;25
8187;1;25
8188;1;25
8189;1;25
8190;1;25
8191;1;25
8192;1;25
8193;1;25
8194;1;25
8195;1;25
8196;1;25
8197;1;25
8198;1;25
8199;1;25
8200;1;25
8201;1;25
8202;1;25
8203;1;25
8204;1;25
8205;1;25
8206;1;25
8207;1;25
8208;1;25
8209;1;25
8210;1;25
8211;1;25
8212;1;25
8213;1;25
8214;1;25
8215;1;25
8216;1;25
8217;1;25
8218;1;25
8219;1;25
8220;1;25
8221;1;25
8222;1;25
8223;1;25
8224;1;25
8225;1;25
8226;1;25
8227;1;25
8228;1;25
8229;1;25
8230;1;25
8231;1;25
8232;1;25
8233;1;25
8234;1;25
8235;1;25
8236;1;25
8237;1;25
8238;1;25
8239;1;25
8240;1;25
8241;1;25
8242;1;25
8243;1;25
8244;1;25
8245;1;25
8246;1;25
8247;1;25
8248;1;25
8249;1;25
8250;1;25
8251;1;25
8252;1;25
8253;1;25
8254;1;25
8255;1;25
8256;1;25
8257;1;25
8258;1;25
8259;1;25
8260;1;25
8261;1;25
8262;1;25
8263;1;25
8264;1;25
8265;1;25
8266;1;25
8267;1;25
8268;1;25
8269;1;25
8270;1;25
8271;1;25
8272;1;25
8273;1;25
8274;1;25
8275;1;25
8276;1;25
8277;1;25
8278;1;25
8279;1;25
8280;1;25
8281;1;25
8282;1;25
8283;1;25
8284;1;25
8285;1;25
8286;1;25
8287;1;25
8288;1;25
8289;1;25
8290;1;25
8291;1;25
8292;1;25
8293;1;25
8294;1;25
8295;1;25
8296;1;25
8297;1;25
8298;1;25
8299;1;25
8300;1;25
8301;1;25
8302;1;25
8303;1;25
8304;1;25
8305;1;25
8306;1;25
8307;1;25
8308;1;25
8309;1;25
8310;1;25
8311;1;25
8312;1;25
8313;1;25
8314;1;25
8315;1;25
8316;1;25
8317;1;25
8318;1;25
8319;1;25
8320;1;25
8321;1;25
8322;1;25
8323;1;25
8324;1;25
8325;1;25
8326;1;25
8327;1;25
8328;1;25
8329;1;25
8330;1;25
8331;1;25
8332;1;25
8333;1;25
8334;1;25
8335;1;25
8336;1;25
8337;1;25
8338;1;25
8339;1;25
8340;1;25
8341;1;25
8342;1;25
8343;1;25
8344;1;25
8345;1;25
8346;1;25
8347;1;25
8348;1;25
8349;1;25
8350;1;25
8351;1;25
8352;1;25
8353;1;25
8354;1;25
8355;1;25
8356;1;25
8357;1;25
8358;1;25
8359;1;25
8360;1;25
8361;1;25
8362;1;25
8363;1;25
8364;1;25
8365;1;25
8366;1;25
8367;1;25
8368;1;25
8369;1;25
8370;1;25
8371;1;25
8372;1;25
8373;1;25
8374;1;25
8375;1;25
8376;1;25
8377;1;25
8378;1;25
8379;1;25
8380;1;25
8381;1;25
8382;1;25
8383;1;25
8384;1;25
8385;1;25
8386;1;25
8387;1;25
8388;1;25
8389;1;25
8390;1;25
8391;1;25
8392;1;25
8393;1;25
8394;1;25
8395;1;25
8396;1;25
8397;1;25
8398;1;25
8399;1;25
8400;1;25
8401;1;25
8402;1;25
8403;1;25
8404;1;25
8405;1;25
8406;1;25
8407;1;25
8408;1;25
8409;1;25
8410;1;25
8411;1;25
8412;1;25
8413;1;25
8414;1;25
8415;1;25
8416;1;25
8417;1;25
8418;1;25
8419;1;25
8420;1;25
8421;1;25
8422;1;25
8423;1;25
8424;1;25
8425;1;25
8426;1;25
8427;1;25
8428;1;25
8429;1;25
8430;1;25
8431;1;25
8432;1;25
8433;1;25
8434;1;25
8435;1;25
8436;1;25
8437;1;25
8438;1;25
8439;1;25
8440;1;25
8441;1;25
8442;1;25
8443;1;25
8444;1;25
8445;1;25
8446;1;25
8447;1;25
8448;1;25
8449;1;25
8450;1;25
8451;1;25
8452;1;25
8453;1;25
8454;1;25
8455;1;25
8456;1;25
8457;1;25
8458;1;25
8459;1;25
8460;1;25
8461;1;25
8462;1;25
8463;1;25
8464;1;25
8465;1;25
8466;1;25
8467;1;25
8468;1;25
8469;1;25
8470;1;25
8471;1;25
8472;1;25
8473;1;25
8474;1;25
8475;1;25
8476;1;25
8477;1;25
8478;1;25
8479;1;25
8480;1;25
8481;1;25
8482;1;25
8483;1;25
8484;1;25
8485;1;25
8486;1;25
8487;1;25
8488;1;25
8489;1;25
8490;1;25
8491;1;25
8492;1;25
8493;1;25
8494;1;25
8495;1;25
8496;1;25
8497;1;25
8498;1;25
8499;1;25
8500;1;25
8501;1;25
8502;1;25
8503;1;25
8504;1;25
8505;1;25
8506;1;25
8507;1;25
8508;1;25
8509;1;25
8510;1;25
8511;1;25
8512;1;25
8513;1;25
8514;1;25
8515;1;25
8516;1;25
8517;1;25
8518;1;25
8519;1;25
8520;1;25
8521;1;25
8522;1;25
8523;1;25
8524;1;25
8525;1;25
8526;1;25
8527;1;25
8528;1;25
8529;1;25
8530;1;25
8531;1;25
8532;1;25
8533;1;25
8534;1;25
8535;1;25
8536;1;25
8537;1;25
8538;1;25
8539;1;25
8540;1;25
8541;1;25
8542;1;25
8543;1;25
8544;1;25
8545;1;25
8546;1;25
8547;1;25
8548;1;25
8549;1;25
8550;1;25
8551;1;25
8552;1;25
8553;1;25
8554;1;25
8555;1;25
8556;1;25
8557;1;25
8558;1;25
8559;1;25
8560;1;25
8561;1;25
8562;1;25
8563;1;25
8564;1;25
8565;1;25
8566;1;25
8567;1;25
8568;1;25
8569;1;25
8570;1;25
8571;1;25
8572;1;25
8573;1;25
8574;1;25
8575;1;25
8576;1;25
8577;1;25
8578;1;25
8579;1;25
8580;1;25
8581;1;25
8582;1;25
8583;1;25
8584;1;25
8585;1;25
8586;1;25
8587;1;25
8588;1;25
8589;1;25
8590;1;25
8591;1;25
8592;1;25
8593;1;25
8594;1;25
8595;1;25
8596;1;25
8597;1;25
8598;1;25
8599;1;25
8600;1;25
8601;1;25
8602;1;25
8603;1;25
8604;1;25
8605;1;25
8606;1;25
8607;1;25
8608;1;25
8609;1;25
8610;1;25
8611;1;25
8612;1;25
8613;1;25
8614;1;25
8615;1;25
8616;1;25
8617;1;25
8618;1;25
8619;1;25
8620;1;25
8621;1;25
8622;1;25
8623;1;25
8624;1;25
8625;1;25
8626;1;25
8627;1;25
8628;1;25
8629;1;25
8630;1;25
8631;1;25
8632;1;25
8633;1;25
8634;1;25
8635;1;25
8636;1;25
8637;1;25
8638;1;25
8639;1;25
8640;1;25
8641;1;25
8642;1;25
8643;1;25
8644;1;25
8645;1;25
8646;1;25
8647;1;25
8648;1;25
8649;1;25
8650;1;25
8651;1;25
8652;1;25
8653;1;25
8654;1;25
8655;1;25
8656;1;25
8657;1;25
8658;1;25
8659;1;25
8660;1;25
8661;1;25
8662;1;25
8663;1;25
8664;1;25
8665;1;25
8666;1;25
8667;1;25
8668;1;25
8669;1;25
8670;1;25
8671;1;25
8672;1;25
8673;1;25
8674;1;25
8675;1;25
8676;1;25
8677;1;25
8678;1;25
8679;1;25
8680;1;25
8681;1;25
8682;1;25
8683;1;25
8684;1;25
8685;1;25
8686;1;25
8687;1;25
8688;1;25
8689;1;25
8690;1;25
8691;1;25
8692;1;25
8693;1;25
8694;1;25
8695;1;25
8696;1;25
8697;1;25
8698;1;25
8699;1;25
8700;1;25
8701;1;25
8702;1;25
8703;1;25
8704;1;25
8705;1;25
8706;1;25
8707;1;25
8708;1;25
8709;1;25
8710;1;25
8711;1;25
8712;1;25
8713;1;25
8714;1;25
8715;1;25
8716;1;25
8717;1;25
8718;1;25
8719;1;25
8720;1;25
8721;1;25
8722;1;25
8723;1;25
8724;1;25
8725;1;25
8726;1;25
8727;1;25
8728;1;25
8729;1;25
8730;1;25
8731;1;25
8732;1;25
8733;1;25
8734;1;25
8735;1;25
8736;1;25
8737;1;25
8738;1;25
8739;1;25
8740;1;25
8741;1;25
8742;1;25
8743;1;25
8744;1;25
8745;1;25
8746;1;25
8747;1;25
8748;1;25
8749;1;25
8750;1;25
8751;1;25
8752;1;25
8753;1;25
8754;1;25
8755;1;25
8756;1;25
8757;1;25
8758;1;25
8759;1;25
8760;1;25
8761;1;25
8762;1;25
8763;1;25
8764;1;25
8765;1;25
8766;1;25
8767;1;25
8768;1;25
8769;1;25
8770;1;25
8771;1;25
8772;1;25
8773;1;25
8774;1;25
8775;1;25
8776;1;25
8777;1;25
8778;1;25
8779;1;25
8780;1;25
8781;1;25
8782;1;25
8783;1;25
8784;1;25
8785;1;25
8786;1;25
8787;1;25
8788;1;25
8789;1;25
8790;1;25
8791;1;25
8792;1;25
8793;1;25
8794;1;25
8795;1;25
8796;1;25
8797;1;25
8798;1;25
8799;1;25
8800;1;25
8801;1;25
8802;1;25
8803;1;25
8804;1;25
8805;1;25
8806;1;25
8807;1;25
8808;1;25
8809;1;25
8810;1;25
8811;1;25
8812;1;25
8813;1;25
8814;1;25
8815;1;25
8816;1;25
8817;1;25
8818;1;25
8819;1;25
8820;1;25
8821;1;25
8822;1;25
8823;1;25
8824;1;25
8825;1;25
8826;1;25
8827;1;25
8828;1;25
8829;1;25
8830;1;25
8831;1;25
8832;1;25
8833;1;25
8834;1;25
8835;1;25
8836;1;25
8837;1;25
8838;1;25
8839;1;25
8840;1;25
8841;1;25
8842;1;25
8843;1;25
8844;1;25
8845;1;25
8846;1;25
8847;1;25
8848;1;25
8849;1;25
8850;1;25
8851;1;25
8852;1;25
8853;1;25
8854;1;25
8855;1;25
